investigation_id,transaction_id,fraud_prediction_id,investigation_status,investigation_priority
INV000001,TXN000006,FRD000006,Under Review,Medium
INV000002,TXN000014,FRD000014,Closed,Medium
INV000003,TXN000103,FRD000103,Resolved,Medium
INV000004,TXN000123,FRD000123,Under Review,Medium
INV000005,TXN000156,FRD000156,Under Review,Medium
INV000006,TXN000167,FRD000167,Closed,Medium
INV000007,TXN000240,FRD000240,Closed,Medium
INV000008,TXN000327,FRD000327,Under Review,Medium
INV000009,TXN000368,FRD000368,Under Review,Medium
INV000010,TXN000369,FRD000369,Under Review,Medium
INV000011,TXN000385,FRD000385,Closed,Medium
INV000012,TXN000394,FRD000394,Open,Medium
INV000013,TXN000450,FRD000450,Under Review,Medium
INV000014,TXN000452,FRD000452,Under Review,Medium
INV000015,TXN000521,FRD000521,Resolved,Medium
INV000016,TXN000722,FRD000722,Closed,Medium
INV000017,TXN000731,FRD000731,Under Review,Medium
INV000018,TXN000808,FRD000808,Resolved,Medium
INV000019,TXN000809,FRD000809,Closed,Medium
INV000020,TXN000958,FRD000958,Resolved,Medium
INV000021,TXN001043,FRD001043,Open,Medium
INV000022,TXN001098,FRD001098,Closed,Medium
INV000023,TXN001103,FRD001103,Resolved,Medium
INV000024,TXN001106,FRD001106,Closed,Medium
INV000025,TXN001145,FRD001145,Closed,Medium
INV000026,TXN001227,FRD001227,Closed,Medium
INV000027,TXN001270,FRD001270,Resolved,Medium
INV000028,TXN001300,FRD001300,Under Review,Medium
INV000029,TXN001490,FRD001490,Under Review,Medium
INV000030,TXN001556,FRD001556,Resolved,Medium
INV000031,TXN001648,FRD001648,Resolved,Medium
INV000032,TXN001678,FRD001678,Resolved,Medium
INV000033,TXN001704,FRD001704,Open,Medium
INV000034,TXN001789,FRD001789,Resolved,Medium
INV000035,TXN001819,FRD001819,Resolved,Medium
INV000036,TXN001825,FRD001825,Under Review,Medium
INV000037,TXN001837,FRD001837,Resolved,Medium
INV000038,TXN001847,FRD001847,Closed,Medium
INV000039,TXN001871,FRD001871,Resolved,Medium
INV000040,TXN001961,FRD001961,Under Review,Medium
INV000041,TXN001995,FRD001995,Closed,Medium
INV000042,TXN001996,FRD001996,Open,Medium
INV000043,TXN002052,FRD002052,Under Review,Medium
INV000044,TXN002189,FRD002189,Under Review,Medium
INV000045,TXN002259,FRD002259,Resolved,Medium
INV000046,TXN002278,FRD002278,Resolved,Medium
INV000047,TXN002439,FRD002439,Under Review,Medium
INV000048,TXN002477,FRD002477,Under Review,Medium
INV000049,TXN002495,FRD002495,Under Review,Medium
INV000050,TXN002568,FRD002568,Under Review,Medium
INV000051,TXN002569,FRD002569,Under Review,Medium
INV000052,TXN002575,FRD002575,Open,Medium
INV000053,TXN002603,FRD002603,Under Review,Medium
INV000054,TXN002605,FRD002605,Under Review,Medium
INV000055,TXN002623,FRD002623,Closed,Medium
INV000056,TXN002822,FRD002822,Open,Medium
INV000057,TXN002897,FRD002897,Resolved,Medium
INV000058,TXN002975,FRD002975,Resolved,Medium
INV000059,TXN002995,FRD002995,Open,Medium
INV000060,TXN003135,FRD003135,Under Review,High
INV000061,TXN003213,FRD003213,Closed,Medium
INV000062,TXN003267,FRD003267,Resolved,Medium
INV000063,TXN003278,FRD003278,Under Review,Medium
INV000064,TXN003297,FRD003297,Resolved,Medium
INV000065,TXN003320,FRD003320,Closed,Medium
INV000066,TXN003324,FRD003324,Closed,Medium
INV000067,TXN003325,FRD003325,Open,Medium
INV000068,TXN003330,FRD003330,Resolved,Medium
INV000069,TXN003412,FRD003412,Closed,Medium
INV000070,TXN003437,FRD003437,Under Review,Medium
INV000071,TXN003459,FRD003459,Under Review,Medium
INV000072,TXN003513,FRD003513,Resolved,Medium
INV000073,TXN003529,FRD003529,Under Review,Medium
INV000074,TXN003648,FRD003648,Closed,Medium
INV000075,TXN003770,FRD003770,Closed,Medium
INV000076,TXN003779,FRD003779,Under Review,Medium
INV000077,TXN003853,FRD003853,Under Review,Medium
INV000078,TXN003890,FRD003890,Closed,Medium
INV000079,TXN003963,FRD003963,Closed,Medium
INV000080,TXN004009,FRD004009,Resolved,Medium
INV000081,TXN004087,FRD004087,Under Review,Medium
INV000082,TXN004099,FRD004099,Under Review,Medium
INV000083,TXN004145,FRD004145,Resolved,Medium
INV000084,TXN004160,FRD004160,Under Review,Medium
INV000085,TXN004272,FRD004272,Closed,Medium
INV000086,TXN004499,FRD004499,Open,Medium
INV000087,TXN004533,FRD004533,Open,Medium
INV000088,TXN004536,FRD004536,Resolved,Medium
INV000089,TXN004567,FRD004567,Closed,Medium
INV000090,TXN004742,FRD004742,Resolved,Medium
INV000091,TXN004789,FRD004789,Resolved,Medium
INV000092,TXN004793,FRD004793,Closed,Medium
INV000093,TXN004794,FRD004794,Resolved,Medium
INV000094,TXN004830,FRD004830,Open,Medium
INV000095,TXN004878,FRD004878,Closed,Medium
INV000096,TXN004895,FRD004895,Under Review,Medium
INV000097,TXN004917,FRD004917,Resolved,Medium
INV000098,TXN004933,FRD004933,Resolved,Medium
INV000099,TXN004953,FRD004953,Closed,Medium
INV000100,TXN005026,FRD005026,Under Review,Medium
INV000101,TXN005044,FRD005044,Under Review,Medium
INV000102,TXN005179,FRD005179,Resolved,Medium
INV000103,TXN005246,FRD005246,Closed,Medium
INV000104,TXN005263,FRD005263,Resolved,Medium
INV000105,TXN005295,FRD005295,Open,Medium
INV000106,TXN005319,FRD005319,Resolved,Medium
INV000107,TXN005582,FRD005582,Under Review,Medium
INV000108,TXN005592,FRD005592,Closed,Medium
INV000109,TXN005634,FRD005634,Resolved,High
INV000110,TXN005809,FRD005809,Closed,Medium
INV000111,TXN005903,FRD005903,Closed,Medium
INV000112,TXN005995,FRD005995,Resolved,Medium
INV000113,TXN006040,FRD006040,Closed,Medium
INV000114,TXN006061,FRD006061,Open,Medium
INV000115,TXN006155,FRD006155,Closed,Medium
INV000116,TXN006357,FRD006357,Resolved,Medium
INV000117,TXN006363,FRD006363,Resolved,Medium
INV000118,TXN006371,FRD006371,Resolved,Medium
INV000119,TXN006393,FRD006393,Open,Medium
INV000120,TXN006438,FRD006438,Resolved,Medium
INV000121,TXN006478,FRD006478,Resolved,Medium
INV000122,TXN006604,FRD006604,Resolved,Medium
INV000123,TXN006612,FRD006612,Under Review,Medium
INV000124,TXN006640,FRD006640,Closed,Medium
INV000125,TXN006645,FRD006645,Closed,Medium
INV000126,TXN006674,FRD006674,Under Review,Medium
INV000127,TXN006755,FRD006755,Resolved,Medium
INV000128,TXN006768,FRD006768,Open,Medium
INV000129,TXN006857,FRD006857,Closed,Medium
INV000130,TXN006882,FRD006882,Closed,Medium
INV000131,TXN006957,FRD006957,Closed,Medium
INV000132,TXN006974,FRD006974,Under Review,Medium
INV000133,TXN007040,FRD007040,Under Review,Medium
INV000134,TXN007102,FRD007102,Resolved,Medium
INV000135,TXN007231,FRD007231,Resolved,Medium
INV000136,TXN007282,FRD007282,Resolved,Medium
INV000137,TXN007288,FRD007288,Under Review,Medium
INV000138,TXN007419,FRD007419,Resolved,Medium
INV000139,TXN007469,FRD007469,Under Review,Medium
INV000140,TXN007503,FRD007503,Closed,Medium
INV000141,TXN007671,FRD007671,Under Review,Medium
INV000142,TXN007756,FRD007756,Open,Medium
INV000143,TXN007803,FRD007803,Under Review,High
INV000144,TXN007810,FRD007810,Closed,Medium
INV000145,TXN007961,FRD007961,Closed,Medium
INV000146,TXN007969,FRD007969,Open,Medium
INV000147,TXN007983,FRD007983,Closed,Medium
INV000148,TXN008038,FRD008038,Under Review,Medium
INV000149,TXN008083,FRD008083,Resolved,Medium
INV000150,TXN008179,FRD008179,Resolved,Medium
INV000151,TXN008203,FRD008203,Under Review,Medium
INV000152,TXN008216,FRD008216,Closed,Medium
INV000153,TXN008239,FRD008239,Resolved,Medium
INV000154,TXN008261,FRD008261,Under Review,Medium
INV000155,TXN008270,FRD008270,Under Review,Medium
INV000156,TXN008304,FRD008304,Resolved,Medium
INV000157,TXN008353,FRD008353,Open,Medium
INV000158,TXN008383,FRD008383,Under Review,Medium
INV000159,TXN008387,FRD008387,Resolved,Medium
INV000160,TXN008390,FRD008390,Under Review,Medium
INV000161,TXN008434,FRD008434,Under Review,Medium
INV000162,TXN008505,FRD008505,Under Review,Medium
INV000163,TXN008520,FRD008520,Closed,Medium
INV000164,TXN008558,FRD008558,Open,Medium
INV000165,TXN008640,FRD008640,Under Review,Medium
INV000166,TXN008713,FRD008713,Open,Medium
INV000167,TXN008756,FRD008756,Resolved,Medium
INV000168,TXN008789,FRD008789,Open,Medium
INV000169,TXN008817,FRD008817,Open,Medium
INV000170,TXN008819,FRD008819,Open,Medium
INV000171,TXN008900,FRD008900,Closed,Medium
INV000172,TXN009075,FRD009075,Resolved,Medium
INV000173,TXN009155,FRD009155,Open,Medium
INV000174,TXN009356,FRD009356,Under Review,Medium
INV000175,TXN009394,FRD009394,Under Review,Medium
INV000176,TXN009397,FRD009397,Resolved,Medium
INV000177,TXN009408,FRD009408,Closed,Medium
INV000178,TXN009461,FRD009461,Resolved,Medium
INV000179,TXN009493,FRD009493,Under Review,Medium
INV000180,TXN009556,FRD009556,Under Review,Medium
INV000181,TXN009679,FRD009679,Closed,Medium
INV000182,TXN009740,FRD009740,Under Review,Medium
INV000183,TXN009761,FRD009761,Resolved,Medium
INV000184,TXN009765,FRD009765,Open,Medium
INV000185,TXN009838,FRD009838,Under Review,Medium
INV000186,TXN009880,FRD009880,Open,Medium
INV000187,TXN009887,FRD009887,Closed,Medium
INV000188,TXN009889,FRD009889,Resolved,Medium
INV000189,TXN009994,FRD009994,Closed,Medium
INV000190,TXN010031,FRD010031,Under Review,Medium
INV000191,TXN010068,FRD010068,Resolved,Medium
INV000192,TXN010076,FRD010076,Closed,Medium
INV000193,TXN010249,FRD010249,Under Review,Medium
INV000194,TXN010275,FRD010275,Closed,Medium
INV000195,TXN010511,FRD010511,Resolved,Medium
INV000196,TXN010687,FRD010687,Resolved,Medium
INV000197,TXN010711,FRD010711,Closed,Medium
INV000198,TXN010714,FRD010714,Resolved,High
INV000199,TXN010773,FRD010773,Under Review,Medium
INV000200,TXN010779,FRD010779,Resolved,Medium
INV000201,TXN010804,FRD010804,Resolved,Medium
INV000202,TXN010864,FRD010864,Resolved,Medium
INV000203,TXN011011,FRD011011,Closed,Medium
INV000204,TXN011087,FRD011087,Closed,High
INV000205,TXN011089,FRD011089,Closed,Medium
INV000206,TXN011099,FRD011099,Under Review,Medium
INV000207,TXN011145,FRD011145,Resolved,Medium
INV000208,TXN011199,FRD011199,Resolved,Medium
INV000209,TXN011289,FRD011289,Open,Medium
INV000210,TXN011393,FRD011393,Open,Medium
INV000211,TXN011399,FRD011399,Resolved,Medium
INV000212,TXN011455,FRD011455,Resolved,Medium
INV000213,TXN011472,FRD011472,Resolved,Medium
INV000214,TXN011527,FRD011527,Closed,Medium
INV000215,TXN011558,FRD011558,Resolved,Medium
INV000216,TXN011572,FRD011572,Resolved,Medium
INV000217,TXN011603,FRD011603,Open,Medium
INV000218,TXN011627,FRD011627,Under Review,Medium
INV000219,TXN011632,FRD011632,Closed,Medium
INV000220,TXN011641,FRD011641,Under Review,Medium
INV000221,TXN011650,FRD011650,Closed,Medium
INV000222,TXN011815,FRD011815,Closed,Medium
INV000223,TXN011900,FRD011900,Closed,Medium
INV000224,TXN011925,FRD011925,Open,Medium
INV000225,TXN011941,FRD011941,Resolved,Medium
INV000226,TXN011945,FRD011945,Under Review,Medium
INV000227,TXN011952,FRD011952,Resolved,Medium
INV000228,TXN012048,FRD012048,Open,Medium
INV000229,TXN012051,FRD012051,Under Review,Medium
INV000230,TXN012134,FRD012134,Resolved,Medium
INV000231,TXN012150,FRD012150,Resolved,Medium
INV000232,TXN012267,FRD012267,Resolved,Medium
INV000233,TXN012317,FRD012317,Open,Medium
INV000234,TXN012335,FRD012335,Resolved,Medium
INV000235,TXN012378,FRD012378,Under Review,Medium
INV000236,TXN012413,FRD012413,Under Review,Medium
INV000237,TXN012472,FRD012472,Resolved,Medium
INV000238,TXN012515,FRD012515,Closed,Medium
INV000239,TXN012744,FRD012744,Closed,Medium
INV000240,TXN012807,FRD012807,Resolved,Medium
INV000241,TXN012878,FRD012878,Open,Medium
INV000242,TXN012903,FRD012903,Open,Medium
INV000243,TXN012915,FRD012915,Under Review,Medium
INV000244,TXN012962,FRD012962,Resolved,Medium
INV000245,TXN012968,FRD012968,Under Review,Medium
INV000246,TXN012976,FRD012976,Open,Medium
INV000247,TXN012999,FRD012999,Closed,Medium
INV000248,TXN013010,FRD013010,Closed,Medium
INV000249,TXN013038,FRD013038,Resolved,Medium
INV000250,TXN013066,FRD013066,Under Review,Medium
INV000251,TXN013078,FRD013078,Closed,Medium
INV000252,TXN013086,FRD013086,Under Review,Medium
INV000253,TXN013109,FRD013109,Resolved,Medium
INV000254,TXN013132,FRD013132,Under Review,Medium
INV000255,TXN013141,FRD013141,Resolved,Medium
INV000256,TXN013191,FRD013191,Resolved,High
INV000257,TXN013216,FRD013216,Open,Medium
INV000258,TXN013290,FRD013290,Under Review,Medium
INV000259,TXN013341,FRD013341,Open,Medium
INV000260,TXN013432,FRD013432,Resolved,Medium
INV000261,TXN013501,FRD013501,Open,Medium
INV000262,TXN013562,FRD013562,Resolved,Medium
INV000263,TXN013576,FRD013576,Resolved,Medium
INV000264,TXN013620,FRD013620,Resolved,Medium
INV000265,TXN013657,FRD013657,Resolved,Medium
INV000266,TXN013741,FRD013741,Under Review,Medium
INV000267,TXN013800,FRD013800,Under Review,Medium
INV000268,TXN013916,FRD013916,Closed,Medium
INV000269,TXN013920,FRD013920,Closed,Medium
INV000270,TXN013929,FRD013929,Resolved,Medium
INV000271,TXN013954,FRD013954,Resolved,Medium
INV000272,TXN013958,FRD013958,Open,Medium
INV000273,TXN013989,FRD013989,Open,Medium
INV000274,TXN014003,FRD014003,Closed,Medium
INV000275,TXN014007,FRD014007,Resolved,Medium
INV000276,TXN014090,FRD014090,Open,Medium
INV000277,TXN014127,FRD014127,Open,Medium
INV000278,TXN014141,FRD014141,Open,Medium
INV000279,TXN014169,FRD014169,Under Review,Medium
INV000280,TXN014192,FRD014192,Resolved,Medium
INV000281,TXN014193,FRD014193,Closed,Medium
INV000282,TXN014270,FRD014270,Closed,Medium
INV000283,TXN014339,FRD014339,Closed,Medium
INV000284,TXN014346,FRD014346,Closed,Medium
INV000285,TXN014376,FRD014376,Under Review,Medium
INV000286,TXN014388,FRD014388,Under Review,Medium
INV000287,TXN014443,FRD014443,Under Review,Medium
INV000288,TXN014507,FRD014507,Resolved,Medium
INV000289,TXN014617,FRD014617,Closed,Medium
INV000290,TXN014670,FRD014670,Closed,Medium
INV000291,TXN014700,FRD014700,Resolved,Medium
INV000292,TXN014713,FRD014713,Resolved,Medium
INV000293,TXN014721,FRD014721,Resolved,Medium
INV000294,TXN014787,FRD014787,Closed,Medium
INV000295,TXN014810,FRD014810,Open,Medium
INV000296,TXN014850,FRD014850,Resolved,Medium
INV000297,TXN014949,FRD014949,Under Review,Medium
INV000298,TXN014969,FRD014969,Closed,Medium
INV000299,TXN015027,FRD015027,Closed,Medium
INV000300,TXN015036,FRD015036,Closed,Medium
INV000301,TXN015042,FRD015042,Open,Medium
INV000302,TXN015079,FRD015079,Resolved,Medium
INV000303,TXN015104,FRD015104,Resolved,Medium
INV000304,TXN015154,FRD015154,Under Review,Medium
INV000305,TXN015181,FRD015181,Open,Medium
INV000306,TXN015221,FRD015221,Resolved,Medium
INV000307,TXN015250,FRD015250,Open,Medium
INV000308,TXN015276,FRD015276,Resolved,Medium
INV000309,TXN015324,FRD015324,Open,Medium
INV000310,TXN015362,FRD015362,Open,Medium
INV000311,TXN015387,FRD015387,Under Review,Medium
INV000312,TXN015465,FRD015465,Closed,High
INV000313,TXN015470,FRD015470,Under Review,Medium
INV000314,TXN015501,FRD015501,Under Review,Medium
INV000315,TXN015533,FRD015533,Under Review,Medium
INV000316,TXN015565,FRD015565,Closed,Medium
INV000317,TXN015637,FRD015637,Resolved,Medium
INV000318,TXN015667,FRD015667,Open,Medium
INV000319,TXN015680,FRD015680,Closed,Medium
INV000320,TXN015699,FRD015699,Resolved,Medium
INV000321,TXN015720,FRD015720,Open,Medium
INV000322,TXN015766,FRD015766,Closed,Medium
INV000323,TXN015803,FRD015803,Closed,Medium
INV000324,TXN015841,FRD015841,Under Review,Medium
INV000325,TXN015853,FRD015853,Under Review,Medium
INV000326,TXN015904,FRD015904,Under Review,Medium
INV000327,TXN015930,FRD015930,Closed,Medium
INV000328,TXN015969,FRD015969,Under Review,Medium
INV000329,TXN015994,FRD015994,Under Review,Medium
INV000330,TXN016084,FRD016084,Under Review,Medium
INV000331,TXN016115,FRD016115,Closed,Medium
INV000332,TXN016131,FRD016131,Closed,Medium
INV000333,TXN016175,FRD016175,Under Review,High
INV000334,TXN016201,FRD016201,Resolved,Medium
INV000335,TXN016220,FRD016220,Open,Medium
INV000336,TXN016242,FRD016242,Under Review,Medium
INV000337,TXN016307,FRD016307,Resolved,Medium
INV000338,TXN016319,FRD016319,Open,Medium
INV000339,TXN016486,FRD016486,Closed,Medium
INV000340,TXN016777,FRD016777,Resolved,Medium
INV000341,TXN016930,FRD016930,Open,Medium
INV000342,TXN016979,FRD016979,Resolved,Medium
INV000343,TXN017011,FRD017011,Resolved,Medium
INV000344,TXN017142,FRD017142,Closed,Medium
INV000345,TXN017249,FRD017249,Open,Medium
INV000346,TXN017257,FRD017257,Resolved,Medium
INV000347,TXN017278,FRD017278,Resolved,Medium
INV000348,TXN017338,FRD017338,Under Review,Medium
INV000349,TXN017343,FRD017343,Resolved,Medium
INV000350,TXN017353,FRD017353,Under Review,Medium
INV000351,TXN017437,FRD017437,Under Review,Medium
INV000352,TXN017481,FRD017481,Resolved,Medium
INV000353,TXN017488,FRD017488,Open,Medium
INV000354,TXN017537,FRD017537,Resolved,Medium
INV000355,TXN017595,FRD017595,Resolved,Medium
INV000356,TXN017604,FRD017604,Closed,Medium
INV000357,TXN017739,FRD017739,Resolved,Medium
INV000358,TXN017768,FRD017768,Open,Medium
INV000359,TXN017981,FRD017981,Resolved,Medium
INV000360,TXN018077,FRD018077,Under Review,High
INV000361,TXN018125,FRD018125,Closed,Medium
INV000362,TXN018162,FRD018162,Resolved,Medium
INV000363,TXN018276,FRD018276,Under Review,Medium
INV000364,TXN018503,FRD018503,Resolved,Medium
INV000365,TXN018699,FRD018699,Closed,Medium
INV000366,TXN018759,FRD018759,Closed,Medium
INV000367,TXN018765,FRD018765,Closed,Medium
INV000368,TXN018792,FRD018792,Resolved,Medium
INV000369,TXN018796,FRD018796,Resolved,Medium
INV000370,TXN018812,FRD018812,Under Review,Medium
INV000371,TXN018901,FRD018901,Resolved,Medium
INV000372,TXN018910,FRD018910,Open,Medium
INV000373,TXN018915,FRD018915,Under Review,Medium
INV000374,TXN018961,FRD018961,Open,Medium
INV000375,TXN018977,FRD018977,Closed,Medium
INV000376,TXN018986,FRD018986,Closed,Medium
INV000377,TXN019038,FRD019038,Resolved,Medium
INV000378,TXN019142,FRD019142,Closed,Medium
INV000379,TXN019160,FRD019160,Resolved,Medium
INV000380,TXN019234,FRD019234,Under Review,Medium
INV000381,TXN019236,FRD019236,Closed,Medium
INV000382,TXN019308,FRD019308,Closed,Medium
INV000383,TXN019330,FRD019330,Closed,Medium
INV000384,TXN019394,FRD019394,Closed,Medium
INV000385,TXN019409,FRD019409,Closed,Medium
INV000386,TXN019493,FRD019493,Under Review,Medium
INV000387,TXN019730,FRD019730,Resolved,Medium
INV000388,TXN019753,FRD019753,Closed,Medium
INV000389,TXN019791,FRD019791,Closed,Medium
INV000390,TXN019822,FRD019822,Closed,Medium
INV000391,TXN020017,FRD020017,Resolved,Medium
INV000392,TXN020080,FRD020080,Under Review,Medium
INV000393,TXN020172,FRD020172,Open,Medium
INV000394,TXN020192,FRD020192,Resolved,Medium
INV000395,TXN020197,FRD020197,Resolved,Medium
INV000396,TXN020260,FRD020260,Under Review,Medium
INV000397,TXN020283,FRD020283,Under Review,Medium
INV000398,TXN020306,FRD020306,Open,High
INV000399,TXN020312,FRD020312,Closed,Medium
INV000400,TXN020327,FRD020327,Resolved,Medium
INV000401,TXN020333,FRD020333,Closed,Medium
INV000402,TXN020374,FRD020374,Resolved,Medium
INV000403,TXN020589,FRD020589,Resolved,Medium
INV000404,TXN020742,FRD020742,Resolved,Medium
INV000405,TXN020930,FRD020930,Closed,Medium
INV000406,TXN021009,FRD021009,Closed,Medium
INV000407,TXN021043,FRD021043,Resolved,Medium
INV000408,TXN021044,FRD021044,Resolved,Medium
INV000409,TXN021202,FRD021202,Resolved,Medium
INV000410,TXN021225,FRD021225,Resolved,Medium
INV000411,TXN021239,FRD021239,Resolved,Medium
INV000412,TXN021373,FRD021373,Under Review,Medium
INV000413,TXN021464,FRD021464,Under Review,Medium
INV000414,TXN021535,FRD021535,Under Review,Medium
INV000415,TXN021612,FRD021612,Closed,Medium
INV000416,TXN021618,FRD021618,Resolved,Medium
INV000417,TXN021625,FRD021625,Under Review,Medium
INV000418,TXN021723,FRD021723,Under Review,Medium
INV000419,TXN021832,FRD021832,Resolved,Medium
INV000420,TXN021894,FRD021894,Resolved,Medium
INV000421,TXN021981,FRD021981,Closed,Medium
INV000422,TXN022027,FRD022027,Resolved,Medium
INV000423,TXN022123,FRD022123,Open,High
INV000424,TXN022196,FRD022196,Open,Medium
INV000425,TXN022335,FRD022335,Resolved,Medium
INV000426,TXN022472,FRD022472,Resolved,Medium
INV000427,TXN022578,FRD022578,Resolved,Medium
INV000428,TXN022614,FRD022614,Open,Medium
INV000429,TXN022617,FRD022617,Open,High
INV000430,TXN022754,FRD022754,Resolved,Medium
INV000431,TXN022786,FRD022786,Open,Medium
INV000432,TXN022881,FRD022881,Resolved,Medium
INV000433,TXN022900,FRD022900,Closed,Medium
INV000434,TXN022908,FRD022908,Closed,Medium
INV000435,TXN022975,FRD022975,Open,Medium
INV000436,TXN022998,FRD022998,Resolved,Medium
INV000437,TXN023000,FRD023000,Resolved,Medium
INV000438,TXN023060,FRD023060,Open,Medium
INV000439,TXN023092,FRD023092,Open,Medium
INV000440,TXN023134,FRD023134,Resolved,Medium
INV000441,TXN023185,FRD023185,Closed,Medium
INV000442,TXN023235,FRD023235,Resolved,Medium
INV000443,TXN023237,FRD023237,Open,Medium
INV000444,TXN023273,FRD023273,Resolved,Medium
INV000445,TXN023301,FRD023301,Resolved,Medium
INV000446,TXN023356,FRD023356,Under Review,Medium
INV000447,TXN023367,FRD023367,Resolved,Medium
INV000448,TXN023444,FRD023444,Under Review,Medium
INV000449,TXN023471,FRD023471,Closed,Medium
INV000450,TXN023488,FRD023488,Closed,Medium
INV000451,TXN023539,FRD023539,Closed,Medium
INV000452,TXN023567,FRD023567,Resolved,Medium
INV000453,TXN023622,FRD023622,Resolved,Medium
INV000454,TXN023677,FRD023677,Resolved,Medium
INV000455,TXN023897,FRD023897,Resolved,Medium
INV000456,TXN023912,FRD023912,Closed,High
INV000457,TXN024155,FRD024155,Under Review,Medium
INV000458,TXN024203,FRD024203,Resolved,Medium
INV000459,TXN024213,FRD024213,Closed,Medium
INV000460,TXN024255,FRD024255,Open,Medium
INV000461,TXN024291,FRD024291,Under Review,Medium
INV000462,TXN024324,FRD024324,Closed,Medium
INV000463,TXN024325,FRD024325,Closed,Medium
INV000464,TXN024445,FRD024445,Resolved,Medium
INV000465,TXN024452,FRD024452,Closed,Medium
INV000466,TXN024492,FRD024492,Under Review,Medium
INV000467,TXN024553,FRD024553,Open,Medium
INV000468,TXN024603,FRD024603,Closed,Medium
INV000469,TXN024737,FRD024737,Under Review,Medium
INV000470,TXN024740,FRD024740,Under Review,Medium
INV000471,TXN024762,FRD024762,Under Review,Medium
INV000472,TXN024831,FRD024831,Closed,Medium
INV000473,TXN024834,FRD024834,Resolved,Medium
INV000474,TXN024891,FRD024891,Under Review,Medium
INV000475,TXN024951,FRD024951,Open,Medium
INV000476,TXN024975,FRD024975,Under Review,Medium
INV000477,TXN025051,FRD025051,Resolved,Medium
INV000478,TXN025124,FRD025124,Closed,Medium
INV000479,TXN025129,FRD025129,Under Review,Medium
INV000480,TXN025137,FRD025137,Resolved,Medium
INV000481,TXN025168,FRD025168,Resolved,Medium
INV000482,TXN025175,FRD025175,Resolved,Medium
INV000483,TXN025183,FRD025183,Resolved,Medium
INV000484,TXN025272,FRD025272,Closed,Medium
INV000485,TXN025312,FRD025312,Closed,Medium
INV000486,TXN025386,FRD025386,Resolved,Medium
INV000487,TXN025426,FRD025426,Under Review,Medium
INV000488,TXN025444,FRD025444,Resolved,Medium
INV000489,TXN025588,FRD025588,Under Review,Medium
INV000490,TXN025600,FRD025600,Under Review,Medium
INV000491,TXN025638,FRD025638,Open,Medium
INV000492,TXN025692,FRD025692,Resolved,Medium
INV000493,TXN025744,FRD025744,Closed,Medium
INV000494,TXN025775,FRD025775,Resolved,Medium
INV000495,TXN025789,FRD025789,Resolved,Medium
INV000496,TXN025883,FRD025883,Closed,Medium
INV000497,TXN025892,FRD025892,Closed,Medium
INV000498,TXN025903,FRD025903,Under Review,Medium
INV000499,TXN025931,FRD025931,Resolved,Medium
INV000500,TXN025956,FRD025956,Resolved,Medium
INV000501,TXN026297,FRD026297,Resolved,Medium
INV000502,TXN026301,FRD026301,Resolved,Medium
INV000503,TXN026319,FRD026319,Resolved,Medium
INV000504,TXN026375,FRD026375,Under Review,Medium
INV000505,TXN026384,FRD026384,Closed,Medium
INV000506,TXN026400,FRD026400,Resolved,Medium
INV000507,TXN026462,FRD026462,Closed,Medium
INV000508,TXN026484,FRD026484,Under Review,Medium
INV000509,TXN026485,FRD026485,Resolved,Medium
INV000510,TXN026551,FRD026551,Closed,Medium
INV000511,TXN026605,FRD026605,Resolved,Medium
INV000512,TXN026641,FRD026641,Open,Medium
INV000513,TXN026671,FRD026671,Resolved,Medium
INV000514,TXN026791,FRD026791,Resolved,Medium
INV000515,TXN026818,FRD026818,Under Review,Medium
INV000516,TXN026892,FRD026892,Resolved,Medium
INV000517,TXN026895,FRD026895,Resolved,Medium
INV000518,TXN026970,FRD026970,Open,Medium
INV000519,TXN027000,FRD027000,Open,Medium
INV000520,TXN027075,FRD027075,Resolved,Medium
INV000521,TXN027128,FRD027128,Resolved,Medium
INV000522,TXN027141,FRD027141,Resolved,Medium
INV000523,TXN027166,FRD027166,Resolved,Medium
INV000524,TXN027306,FRD027306,Closed,Medium
INV000525,TXN027339,FRD027339,Resolved,Medium
INV000526,TXN027468,FRD027468,Resolved,Medium
INV000527,TXN027499,FRD027499,Resolved,Medium
INV000528,TXN027516,FRD027516,Closed,Medium
INV000529,TXN027518,FRD027518,Closed,Medium
INV000530,TXN027561,FRD027561,Open,Medium
INV000531,TXN027565,FRD027565,Resolved,Medium
INV000532,TXN027573,FRD027573,Resolved,Medium
INV000533,TXN027661,FRD027661,Closed,Medium
INV000534,TXN027713,FRD027713,Resolved,Medium
INV000535,TXN027723,FRD027723,Closed,Medium
INV000536,TXN027756,FRD027756,Resolved,Medium
INV000537,TXN027767,FRD027767,Closed,Medium
INV000538,TXN027833,FRD027833,Closed,Medium
INV000539,TXN027840,FRD027840,Closed,Medium
INV000540,TXN027918,FRD027918,Under Review,Medium
INV000541,TXN027925,FRD027925,Resolved,Medium
INV000542,TXN027926,FRD027926,Under Review,Medium
INV000543,TXN027962,FRD027962,Resolved,Medium
INV000544,TXN027978,FRD027978,Closed,Medium
INV000545,TXN028016,FRD028016,Resolved,Medium
INV000546,TXN028074,FRD028074,Resolved,Medium
INV000547,TXN028193,FRD028193,Closed,Medium
INV000548,TXN028208,FRD028208,Resolved,Medium
INV000549,TXN028296,FRD028296,Open,Medium
INV000550,TXN028363,FRD028363,Resolved,Medium
INV000551,TXN028477,FRD028477,Under Review,Medium
INV000552,TXN028585,FRD028585,Resolved,Medium
INV000553,TXN028604,FRD028604,Closed,Medium
INV000554,TXN028812,FRD028812,Closed,Medium
INV000555,TXN028902,FRD028902,Open,High
INV000556,TXN029000,FRD029000,Resolved,Medium
INV000557,TXN029044,FRD029044,Closed,Medium
INV000558,TXN029075,FRD029075,Under Review,Medium
INV000559,TXN029076,FRD029076,Resolved,Medium
INV000560,TXN029096,FRD029096,Resolved,Medium
INV000561,TXN029141,FRD029141,Resolved,High
INV000562,TXN029175,FRD029175,Under Review,Medium
INV000563,TXN029183,FRD029183,Open,Medium
INV000564,TXN029203,FRD029203,Closed,Medium
INV000565,TXN029216,FRD029216,Resolved,Medium
INV000566,TXN029335,FRD029335,Under Review,Medium
INV000567,TXN029373,FRD029373,Under Review,Medium
INV000568,TXN029422,FRD029422,Under Review,Medium
INV000569,TXN029432,FRD029432,Open,Medium
INV000570,TXN029648,FRD029648,Open,Medium
INV000571,TXN029715,FRD029715,Under Review,Medium
INV000572,TXN029748,FRD029748,Under Review,Medium
INV000573,TXN029762,FRD029762,Resolved,Medium
INV000574,TXN029837,FRD029837,Resolved,Medium
INV000575,TXN029980,FRD029980,Closed,Medium
INV000576,TXN030024,FRD030024,Closed,Medium
INV000577,TXN030216,FRD030216,Closed,Medium
INV000578,TXN030276,FRD030276,Under Review,Medium
INV000579,TXN030321,FRD030321,Resolved,Medium
INV000580,TXN030356,FRD030356,Closed,Medium
INV000581,TXN030439,FRD030439,Resolved,Medium
INV000582,TXN030481,FRD030481,Closed,Medium
INV000583,TXN030522,FRD030522,Resolved,Medium
INV000584,TXN030586,FRD030586,Under Review,Medium
INV000585,TXN030609,FRD030609,Closed,Medium
INV000586,TXN030610,FRD030610,Resolved,Medium
INV000587,TXN030639,FRD030639,Under Review,Medium
INV000588,TXN030655,FRD030655,Under Review,Medium
INV000589,TXN030678,FRD030678,Open,Medium
INV000590,TXN030791,FRD030791,Under Review,Medium
INV000591,TXN030823,FRD030823,Closed,Medium
INV000592,TXN030859,FRD030859,Open,Medium
INV000593,TXN030874,FRD030874,Resolved,Medium
INV000594,TXN030946,FRD030946,Resolved,Medium
INV000595,TXN030970,FRD030970,Closed,Medium
INV000596,TXN031009,FRD031009,Resolved,Medium
INV000597,TXN031095,FRD031095,Closed,Medium
INV000598,TXN031121,FRD031121,Resolved,Medium
INV000599,TXN031207,FRD031207,Closed,Medium
INV000600,TXN031208,FRD031208,Resolved,Medium
INV000601,TXN031263,FRD031263,Resolved,Medium
INV000602,TXN031326,FRD031326,Resolved,Medium
INV000603,TXN031382,FRD031382,Resolved,Medium
INV000604,TXN031396,FRD031396,Open,Medium
INV000605,TXN031403,FRD031403,Resolved,Medium
INV000606,TXN031585,FRD031585,Closed,Medium
INV000607,TXN031594,FRD031594,Closed,Medium
INV000608,TXN031595,FRD031595,Open,Medium
INV000609,TXN031613,FRD031613,Resolved,Medium
INV000610,TXN031646,FRD031646,Resolved,Medium
INV000611,TXN031659,FRD031659,Resolved,Medium
INV000612,TXN031777,FRD031777,Resolved,Medium
INV000613,TXN031815,FRD031815,Open,Medium
INV000614,TXN031957,FRD031957,Resolved,Medium
INV000615,TXN032025,FRD032025,Under Review,Medium
INV000616,TXN032214,FRD032214,Under Review,Medium
INV000617,TXN032236,FRD032236,Open,Medium
INV000618,TXN032257,FRD032257,Resolved,Medium
INV000619,TXN032258,FRD032258,Closed,Medium
INV000620,TXN032290,FRD032290,Resolved,Medium
INV000621,TXN032315,FRD032315,Resolved,High
INV000622,TXN032328,FRD032328,Under Review,Medium
INV000623,TXN032406,FRD032406,Closed,Medium
INV000624,TXN032445,FRD032445,Resolved,Medium
INV000625,TXN032474,FRD032474,Under Review,Medium
INV000626,TXN032525,FRD032525,Resolved,Medium
INV000627,TXN032537,FRD032537,Closed,Medium
INV000628,TXN032665,FRD032665,Under Review,Medium
INV000629,TXN032702,FRD032702,Resolved,Medium
INV000630,TXN032797,FRD032797,Under Review,Medium
INV000631,TXN032859,FRD032859,Resolved,Medium
INV000632,TXN032887,FRD032887,Resolved,Medium
INV000633,TXN032891,FRD032891,Resolved,Medium
INV000634,TXN032942,FRD032942,Under Review,Medium
INV000635,TXN032946,FRD032946,Open,Medium
INV000636,TXN033066,FRD033066,Resolved,Medium
INV000637,TXN033096,FRD033096,Closed,Medium
INV000638,TXN033164,FRD033164,Under Review,Medium
INV000639,TXN033266,FRD033266,Closed,Medium
INV000640,TXN033347,FRD033347,Resolved,Medium
INV000641,TXN033380,FRD033380,Closed,Medium
INV000642,TXN033415,FRD033415,Open,Medium
INV000643,TXN033463,FRD033463,Under Review,Medium
INV000644,TXN033608,FRD033608,Resolved,Medium
INV000645,TXN033619,FRD033619,Resolved,Medium
INV000646,TXN033668,FRD033668,Open,High
INV000647,TXN033699,FRD033699,Under Review,Medium
INV000648,TXN033714,FRD033714,Open,Medium
INV000649,TXN033777,FRD033777,Resolved,Medium
INV000650,TXN033810,FRD033810,Under Review,Medium
INV000651,TXN033816,FRD033816,Resolved,Medium
INV000652,TXN033839,FRD033839,Resolved,Medium
INV000653,TXN033888,FRD033888,Resolved,Medium
INV000654,TXN033901,FRD033901,Closed,Medium
INV000655,TXN033917,FRD033917,Resolved,Medium
INV000656,TXN033935,FRD033935,Closed,Medium
INV000657,TXN034073,FRD034073,Closed,Medium
INV000658,TXN034092,FRD034092,Resolved,Medium
INV000659,TXN034093,FRD034093,Resolved,Medium
INV000660,TXN034125,FRD034125,Closed,Medium
INV000661,TXN034271,FRD034271,Resolved,Medium
INV000662,TXN034281,FRD034281,Resolved,Medium
INV000663,TXN034365,FRD034365,Closed,Medium
INV000664,TXN034394,FRD034394,Resolved,Medium
INV000665,TXN034488,FRD034488,Under Review,Medium
INV000666,TXN034517,FRD034517,Resolved,Medium
INV000667,TXN034648,FRD034648,Closed,Medium
INV000668,TXN034660,FRD034660,Under Review,Medium
INV000669,TXN034666,FRD034666,Under Review,Medium
INV000670,TXN034745,FRD034745,Resolved,Medium
INV000671,TXN034958,FRD034958,Resolved,Medium
INV000672,TXN035004,FRD035004,Open,Medium
INV000673,TXN035155,FRD035155,Resolved,Medium
INV000674,TXN035156,FRD035156,Closed,Medium
INV000675,TXN035161,FRD035161,Under Review,Medium
INV000676,TXN035187,FRD035187,Under Review,Medium
INV000677,TXN035189,FRD035189,Under Review,Medium
INV000678,TXN035267,FRD035267,Resolved,Medium
INV000679,TXN035312,FRD035312,Resolved,Medium
INV000680,TXN035334,FRD035334,Closed,Medium
INV000681,TXN035348,FRD035348,Closed,Medium
INV000682,TXN035525,FRD035525,Resolved,Medium
INV000683,TXN035618,FRD035618,Resolved,Medium
INV000684,TXN035671,FRD035671,Under Review,Medium
INV000685,TXN035800,FRD035800,Under Review,Medium
INV000686,TXN035820,FRD035820,Under Review,Medium
INV000687,TXN035833,FRD035833,Open,Medium
INV000688,TXN035845,FRD035845,Resolved,Medium
INV000689,TXN036010,FRD036010,Closed,Medium
INV000690,TXN036014,FRD036014,Closed,Medium
INV000691,TXN036117,FRD036117,Closed,Medium
INV000692,TXN036137,FRD036137,Resolved,Medium
INV000693,TXN036197,FRD036197,Closed,Medium
INV000694,TXN036215,FRD036215,Resolved,Medium
INV000695,TXN036240,FRD036240,Open,Medium
INV000696,TXN036278,FRD036278,Closed,Medium
INV000697,TXN036323,FRD036323,Resolved,Medium
INV000698,TXN036408,FRD036408,Closed,Medium
INV000699,TXN036483,FRD036483,Under Review,Medium
INV000700,TXN036497,FRD036497,Resolved,Medium
INV000701,TXN036506,FRD036506,Closed,Medium
INV000702,TXN036507,FRD036507,Open,Medium
INV000703,TXN036551,FRD036551,Resolved,Medium
INV000704,TXN036566,FRD036566,Resolved,Medium
INV000705,TXN036570,FRD036570,Under Review,Medium
INV000706,TXN036608,FRD036608,Under Review,Medium
INV000707,TXN036619,FRD036619,Under Review,Medium
INV000708,TXN036621,FRD036621,Closed,Medium
INV000709,TXN036684,FRD036684,Under Review,Medium
INV000710,TXN036705,FRD036705,Under Review,Medium
INV000711,TXN036821,FRD036821,Resolved,Medium
INV000712,TXN036842,FRD036842,Resolved,Medium
INV000713,TXN036909,FRD036909,Under Review,Medium
INV000714,TXN036978,FRD036978,Under Review,Medium
INV000715,TXN036981,FRD036981,Under Review,Medium
INV000716,TXN036984,FRD036984,Under Review,Medium
INV000717,TXN037024,FRD037024,Open,Medium
INV000718,TXN037044,FRD037044,Closed,Medium
INV000719,TXN037069,FRD037069,Closed,Medium
INV000720,TXN037094,FRD037094,Resolved,Medium
INV000721,TXN037129,FRD037129,Resolved,Medium
INV000722,TXN037140,FRD037140,Under Review,Medium
INV000723,TXN037184,FRD037184,Resolved,Medium
INV000724,TXN037234,FRD037234,Under Review,Medium
INV000725,TXN037240,FRD037240,Resolved,Medium
INV000726,TXN037286,FRD037286,Resolved,Medium
INV000727,TXN037356,FRD037356,Resolved,Medium
INV000728,TXN037376,FRD037376,Closed,Medium
INV000729,TXN037403,FRD037403,Resolved,Medium
INV000730,TXN037405,FRD037405,Resolved,Medium
INV000731,TXN037438,FRD037438,Open,Medium
INV000732,TXN037484,FRD037484,Under Review,Medium
INV000733,TXN037512,FRD037512,Under Review,Medium
INV000734,TXN037513,FRD037513,Closed,Medium
INV000735,TXN037573,FRD037573,Closed,Medium
INV000736,TXN037599,FRD037599,Resolved,Medium
INV000737,TXN037615,FRD037615,Under Review,Medium
INV000738,TXN037656,FRD037656,Resolved,Medium
INV000739,TXN037693,FRD037693,Open,Medium
INV000740,TXN037723,FRD037723,Open,Medium
INV000741,TXN037767,FRD037767,Resolved,High
INV000742,TXN037856,FRD037856,Closed,Medium
INV000743,TXN037893,FRD037893,Closed,Medium
INV000744,TXN037901,FRD037901,Resolved,Medium
INV000745,TXN037925,FRD037925,Under Review,Medium
INV000746,TXN037962,FRD037962,Closed,Medium
INV000747,TXN037966,FRD037966,Resolved,Medium
INV000748,TXN038076,FRD038076,Under Review,Medium
INV000749,TXN038122,FRD038122,Resolved,Medium
INV000750,TXN038133,FRD038133,Under Review,Medium
INV000751,TXN038191,FRD038191,Under Review,Medium
INV000752,TXN038285,FRD038285,Resolved,Medium
INV000753,TXN038320,FRD038320,Open,Medium
INV000754,TXN038366,FRD038366,Under Review,Medium
INV000755,TXN038508,FRD038508,Under Review,Medium
INV000756,TXN038560,FRD038560,Under Review,Medium
INV000757,TXN038594,FRD038594,Resolved,Medium
INV000758,TXN038632,FRD038632,Resolved,Medium
INV000759,TXN038661,FRD038661,Closed,Medium
INV000760,TXN038798,FRD038798,Resolved,Medium
INV000761,TXN038842,FRD038842,Resolved,Medium
INV000762,TXN038860,FRD038860,Closed,Medium
INV000763,TXN039074,FRD039074,Resolved,Medium
INV000764,TXN039122,FRD039122,Resolved,Medium
INV000765,TXN039126,FRD039126,Under Review,Medium
INV000766,TXN039227,FRD039227,Under Review,Medium
INV000767,TXN039297,FRD039297,Closed,Medium
INV000768,TXN039446,FRD039446,Closed,Medium
INV000769,TXN039471,FRD039471,Closed,Medium
INV000770,TXN039493,FRD039493,Under Review,Medium
INV000771,TXN039598,FRD039598,Closed,Medium
INV000772,TXN039647,FRD039647,Under Review,Medium
INV000773,TXN039784,FRD039784,Resolved,Medium
INV000774,TXN039843,FRD039843,Under Review,Medium
INV000775,TXN039851,FRD039851,Closed,Medium
INV000776,TXN039853,FRD039853,Resolved,Medium
INV000777,TXN039915,FRD039915,Open,Medium
INV000778,TXN040001,FRD040001,Under Review,Medium
INV000779,TXN040002,FRD040002,Closed,Medium
INV000780,TXN040004,FRD040004,Closed,Medium
INV000781,TXN040072,FRD040072,Open,Medium
INV000782,TXN040084,FRD040084,Closed,Medium
INV000783,TXN040085,FRD040085,Under Review,Medium
INV000784,TXN040108,FRD040108,Open,Medium
INV000785,TXN040110,FRD040110,Under Review,Medium
INV000786,TXN040126,FRD040126,Closed,Medium
INV000787,TXN040162,FRD040162,Under Review,Medium
INV000788,TXN040198,FRD040198,Resolved,Medium
INV000789,TXN040199,FRD040199,Closed,Medium
INV000790,TXN040224,FRD040224,Under Review,Medium
INV000791,TXN040269,FRD040269,Resolved,Medium
INV000792,TXN040301,FRD040301,Open,Medium
INV000793,TXN040304,FRD040304,Under Review,Medium
INV000794,TXN040307,FRD040307,Resolved,Medium
INV000795,TXN040370,FRD040370,Under Review,Medium
INV000796,TXN040426,FRD040426,Under Review,Medium
INV000797,TXN040467,FRD040467,Under Review,Medium
INV000798,TXN040552,FRD040552,Under Review,Medium
INV000799,TXN040564,FRD040564,Under Review,Medium
INV000800,TXN040569,FRD040569,Resolved,Medium
INV000801,TXN040583,FRD040583,Resolved,High
INV000802,TXN040705,FRD040705,Closed,Medium
INV000803,TXN040778,FRD040778,Under Review,Medium
INV000804,TXN040809,FRD040809,Closed,Medium
INV000805,TXN040941,FRD040941,Resolved,Medium
INV000806,TXN040954,FRD040954,Closed,Medium
INV000807,TXN040984,FRD040984,Resolved,Medium
INV000808,TXN041100,FRD041100,Under Review,Medium
INV000809,TXN041164,FRD041164,Under Review,Medium
INV000810,TXN041185,FRD041185,Resolved,Medium
INV000811,TXN041256,FRD041256,Resolved,Medium
INV000812,TXN041260,FRD041260,Resolved,Medium
INV000813,TXN041312,FRD041312,Resolved,Medium
INV000814,TXN041316,FRD041316,Under Review,Medium
INV000815,TXN041317,FRD041317,Resolved,Medium
INV000816,TXN041345,FRD041345,Open,Medium
INV000817,TXN041348,FRD041348,Under Review,Medium
INV000818,TXN041354,FRD041354,Resolved,Medium
INV000819,TXN041400,FRD041400,Resolved,Medium
INV000820,TXN041421,FRD041421,Open,Medium
INV000821,TXN041488,FRD041488,Under Review,Medium
INV000822,TXN041510,FRD041510,Closed,Medium
INV000823,TXN041610,FRD041610,Resolved,Medium
INV000824,TXN041681,FRD041681,Resolved,Medium
INV000825,TXN041769,FRD041769,Closed,Medium
INV000826,TXN041794,FRD041794,Under Review,Medium
INV000827,TXN042003,FRD042003,Open,Medium
INV000828,TXN042070,FRD042070,Under Review,Medium
INV000829,TXN042140,FRD042140,Resolved,Medium
INV000830,TXN042180,FRD042180,Closed,Medium
INV000831,TXN042256,FRD042256,Resolved,Medium
INV000832,TXN042296,FRD042296,Under Review,Medium
INV000833,TXN042318,FRD042318,Closed,Medium
INV000834,TXN042358,FRD042358,Under Review,Medium
INV000835,TXN042420,FRD042420,Resolved,Medium
INV000836,TXN042478,FRD042478,Open,Medium
INV000837,TXN042568,FRD042568,Under Review,Medium
INV000838,TXN042577,FRD042577,Resolved,Medium
INV000839,TXN042591,FRD042591,Resolved,Medium
INV000840,TXN042609,FRD042609,Resolved,Medium
INV000841,TXN042667,FRD042667,Open,Medium
INV000842,TXN042989,FRD042989,Under Review,Medium
INV000843,TXN043004,FRD043004,Resolved,Medium
INV000844,TXN043005,FRD043005,Closed,Medium
INV000845,TXN043348,FRD043348,Closed,Medium
INV000846,TXN043388,FRD043388,Resolved,Medium
INV000847,TXN043406,FRD043406,Closed,Medium
INV000848,TXN043604,FRD043604,Closed,Medium
INV000849,TXN043611,FRD043611,Resolved,High
INV000850,TXN043651,FRD043651,Open,Medium
INV000851,TXN043716,FRD043716,Resolved,Medium
INV000852,TXN043742,FRD043742,Under Review,Medium
INV000853,TXN043759,FRD043759,Resolved,Medium
INV000854,TXN043779,FRD043779,Resolved,Medium
INV000855,TXN043791,FRD043791,Resolved,Medium
INV000856,TXN043854,FRD043854,Open,Medium
INV000857,TXN043862,FRD043862,Open,Medium
INV000858,TXN043984,FRD043984,Resolved,Medium
INV000859,TXN044121,FRD044121,Resolved,Medium
INV000860,TXN044214,FRD044214,Open,Medium
INV000861,TXN044256,FRD044256,Resolved,Medium
INV000862,TXN044353,FRD044353,Closed,Medium
INV000863,TXN044368,FRD044368,Resolved,Medium
INV000864,TXN044464,FRD044464,Closed,Medium
INV000865,TXN044510,FRD044510,Closed,Medium
INV000866,TXN044542,FRD044542,Under Review,Medium
INV000867,TXN044557,FRD044557,Resolved,Medium
INV000868,TXN044666,FRD044666,Resolved,Medium
INV000869,TXN044721,FRD044721,Closed,Medium
INV000870,TXN044838,FRD044838,Resolved,Medium
INV000871,TXN045011,FRD045011,Resolved,Medium
INV000872,TXN045019,FRD045019,Closed,Medium
INV000873,TXN045036,FRD045036,Under Review,Medium
INV000874,TXN045172,FRD045172,Under Review,Medium
INV000875,TXN045177,FRD045177,Closed,Medium
INV000876,TXN045198,FRD045198,Under Review,Medium
INV000877,TXN045203,FRD045203,Resolved,Medium
INV000878,TXN045297,FRD045297,Resolved,Medium
INV000879,TXN045462,FRD045462,Resolved,Medium
INV000880,TXN045593,FRD045593,Under Review,Medium
INV000881,TXN045597,FRD045597,Closed,Medium
INV000882,TXN045645,FRD045645,Under Review,Medium
INV000883,TXN045646,FRD045646,Resolved,Medium
INV000884,TXN045681,FRD045681,Closed,Medium
INV000885,TXN045750,FRD045750,Resolved,Medium
INV000886,TXN045797,FRD045797,Resolved,Medium
INV000887,TXN045943,FRD045943,Under Review,Medium
INV000888,TXN046028,FRD046028,Under Review,Medium
INV000889,TXN046086,FRD046086,Resolved,Medium
INV000890,TXN046139,FRD046139,Resolved,Medium
INV000891,TXN046156,FRD046156,Under Review,Medium
INV000892,TXN046157,FRD046157,Resolved,Medium
INV000893,TXN046164,FRD046164,Resolved,Medium
INV000894,TXN046203,FRD046203,Closed,Medium
INV000895,TXN046224,FRD046224,Resolved,Medium
INV000896,TXN046249,FRD046249,Under Review,Medium
INV000897,TXN046281,FRD046281,Under Review,Medium
INV000898,TXN046348,FRD046348,Under Review,Medium
INV000899,TXN046368,FRD046368,Open,Medium
INV000900,TXN046400,FRD046400,Resolved,Medium
INV000901,TXN046411,FRD046411,Closed,Medium
INV000902,TXN046426,FRD046426,Resolved,Medium
INV000903,TXN046506,FRD046506,Closed,Medium
INV000904,TXN046530,FRD046530,Under Review,Medium
INV000905,TXN046570,FRD046570,Resolved,Medium
INV000906,TXN046628,FRD046628,Closed,Medium
INV000907,TXN046684,FRD046684,Closed,Medium
INV000908,TXN046784,FRD046784,Resolved,Medium
INV000909,TXN046785,FRD046785,Open,Medium
INV000910,TXN046835,FRD046835,Closed,Medium
INV000911,TXN046864,FRD046864,Closed,Medium
INV000912,TXN046873,FRD046873,Resolved,High
INV000913,TXN046925,FRD046925,Under Review,Medium
INV000914,TXN046939,FRD046939,Under Review,Medium
INV000915,TXN047021,FRD047021,Closed,Medium
INV000916,TXN047082,FRD047082,Resolved,Medium
INV000917,TXN047133,FRD047133,Closed,Medium
INV000918,TXN047145,FRD047145,Under Review,Medium
INV000919,TXN047220,FRD047220,Closed,Medium
INV000920,TXN047341,FRD047341,Closed,Medium
INV000921,TXN047372,FRD047372,Resolved,Medium
INV000922,TXN047450,FRD047450,Resolved,Medium
INV000923,TXN047469,FRD047469,Open,Medium
INV000924,TXN047475,FRD047475,Resolved,Medium
INV000925,TXN047476,FRD047476,Closed,Medium
INV000926,TXN047528,FRD047528,Closed,Medium
INV000927,TXN047532,FRD047532,Open,Medium
INV000928,TXN047540,FRD047540,Resolved,Medium
INV000929,TXN047562,FRD047562,Closed,Medium
INV000930,TXN047572,FRD047572,Open,Medium
INV000931,TXN047586,FRD047586,Resolved,Medium
INV000932,TXN047612,FRD047612,Closed,Medium
INV000933,TXN047638,FRD047638,Under Review,Medium
INV000934,TXN047695,FRD047695,Open,Medium
INV000935,TXN047720,FRD047720,Open,Medium
INV000936,TXN047731,FRD047731,Resolved,Medium
INV000937,TXN047758,FRD047758,Under Review,Medium
INV000938,TXN047811,FRD047811,Resolved,Medium
INV000939,TXN047923,FRD047923,Under Review,Medium
INV000940,TXN047962,FRD047962,Closed,Medium
INV000941,TXN047981,FRD047981,Resolved,Medium
INV000942,TXN047998,FRD047998,Closed,Medium
INV000943,TXN048011,FRD048011,Open,Medium
INV000944,TXN048014,FRD048014,Under Review,Medium
INV000945,TXN048107,FRD048107,Resolved,Medium
INV000946,TXN048117,FRD048117,Closed,Medium
INV000947,TXN048204,FRD048204,Under Review,Medium
INV000948,TXN048529,FRD048529,Under Review,Medium
INV000949,TXN048530,FRD048530,Resolved,Medium
INV000950,TXN048579,FRD048579,Under Review,Medium
INV000951,TXN048604,FRD048604,Resolved,Medium
INV000952,TXN048699,FRD048699,Under Review,Medium
INV000953,TXN048796,FRD048796,Under Review,Medium
INV000954,TXN048825,FRD048825,Closed,Medium
INV000955,TXN048844,FRD048844,Closed,Medium
INV000956,TXN048868,FRD048868,Resolved,Medium
INV000957,TXN048880,FRD048880,Closed,Medium
INV000958,TXN048927,FRD048927,Resolved,Medium
INV000959,TXN048939,FRD048939,Closed,Medium
INV000960,TXN048963,FRD048963,Open,Medium
INV000961,TXN048968,FRD048968,Open,Medium
INV000962,TXN048973,FRD048973,Under Review,Medium
INV000963,TXN049179,FRD049179,Under Review,Medium
INV000964,TXN049280,FRD049280,Closed,Medium
INV000965,TXN049282,FRD049282,Under Review,Medium
INV000966,TXN049286,FRD049286,Under Review,Medium
INV000967,TXN049332,FRD049332,Resolved,Medium
INV000968,TXN049349,FRD049349,Closed,Medium
INV000969,TXN049419,FRD049419,Under Review,Medium
INV000970,TXN049490,FRD049490,Closed,Medium
INV000971,TXN049599,FRD049599,Open,Medium
INV000972,TXN049661,FRD049661,Resolved,Medium
INV000973,TXN049690,FRD049690,Under Review,Medium
INV000974,TXN049717,FRD049717,Resolved,Medium
INV000975,TXN049826,FRD049826,Resolved,Medium
INV000976,TXN049840,FRD049840,Open,Medium
INV000977,TXN049844,FRD049844,Resolved,High
INV000978,TXN049854,FRD049854,Resolved,Medium
INV000979,TXN049894,FRD049894,Resolved,Medium
INV000980,TXN049897,FRD049897,Open,Medium
INV000981,TXN049931,FRD049931,Resolved,Medium
INV000982,TXN049944,FRD049944,Under Review,Medium
INV000983,TXN050015,FRD050015,Under Review,Medium
INV000984,TXN050035,FRD050035,Closed,Medium
INV000985,TXN050055,FRD050055,Closed,Medium
INV000986,TXN050059,FRD050059,Under Review,Medium
INV000987,TXN050064,FRD050064,Open,Medium
INV000988,TXN050101,FRD050101,Under Review,Medium
INV000989,TXN050166,FRD050166,Closed,Medium
INV000990,TXN050204,FRD050204,Open,Medium
INV000991,TXN050211,FRD050211,Resolved,Medium
INV000992,TXN050260,FRD050260,Resolved,Medium
INV000993,TXN050274,FRD050274,Closed,Medium
INV000994,TXN050335,FRD050335,Resolved,Medium
INV000995,TXN050400,FRD050400,Resolved,Medium
INV000996,TXN050566,FRD050566,Closed,Medium
INV000997,TXN050738,FRD050738,Under Review,Medium
INV000998,TXN050767,FRD050767,Under Review,Medium
INV000999,TXN050811,FRD050811,Resolved,Medium
INV001000,TXN050851,FRD050851,Closed,Medium
INV001001,TXN050896,FRD050896,Closed,Medium
INV001002,TXN051065,FRD051065,Resolved,Medium
INV001003,TXN051133,FRD051133,Under Review,Medium
INV001004,TXN051149,FRD051149,Closed,Medium
INV001005,TXN051182,FRD051182,Under Review,Medium
INV001006,TXN051193,FRD051193,Resolved,Medium
INV001007,TXN051240,FRD051240,Closed,Medium
INV001008,TXN051250,FRD051250,Under Review,Medium
INV001009,TXN051260,FRD051260,Resolved,Medium
INV001010,TXN051314,FRD051314,Under Review,Medium
INV001011,TXN051421,FRD051421,Resolved,Medium
INV001012,TXN051425,FRD051425,Resolved,Medium
INV001013,TXN051426,FRD051426,Resolved,Medium
INV001014,TXN051506,FRD051506,Closed,Medium
INV001015,TXN051665,FRD051665,Under Review,Medium
INV001016,TXN051717,FRD051717,Open,Medium
INV001017,TXN051779,FRD051779,Open,Medium
INV001018,TXN051836,FRD051836,Under Review,Medium
INV001019,TXN051844,FRD051844,Under Review,Medium
INV001020,TXN051940,FRD051940,Closed,Medium
INV001021,TXN051947,FRD051947,Under Review,Medium
INV001022,TXN052043,FRD052043,Under Review,Medium
INV001023,TXN052099,FRD052099,Closed,Medium
INV001024,TXN052103,FRD052103,Under Review,Medium
INV001025,TXN052164,FRD052164,Resolved,Medium
INV001026,TXN052175,FRD052175,Resolved,Medium
INV001027,TXN052244,FRD052244,Open,Medium
INV001028,TXN052275,FRD052275,Under Review,Medium
INV001029,TXN052293,FRD052293,Resolved,Medium
INV001030,TXN052332,FRD052332,Resolved,High
INV001031,TXN052364,FRD052364,Resolved,Medium
INV001032,TXN052414,FRD052414,Resolved,Medium
INV001033,TXN052458,FRD052458,Resolved,Medium
INV001034,TXN052512,FRD052512,Open,Medium
INV001035,TXN052697,FRD052697,Closed,Medium
INV001036,TXN052751,FRD052751,Open,Medium
INV001037,TXN052768,FRD052768,Open,Medium
INV001038,TXN052817,FRD052817,Open,Medium
INV001039,TXN052863,FRD052863,Closed,Medium
INV001040,TXN052891,FRD052891,Resolved,Medium
INV001041,TXN052959,FRD052959,Open,High
INV001042,TXN052992,FRD052992,Closed,Medium
INV001043,TXN053169,FRD053169,Under Review,Medium
INV001044,TXN053224,FRD053224,Under Review,Medium
INV001045,TXN053252,FRD053252,Resolved,Medium
INV001046,TXN053300,FRD053300,Closed,Medium
INV001047,TXN053353,FRD053353,Under Review,Medium
INV001048,TXN053375,FRD053375,Resolved,Medium
INV001049,TXN053394,FRD053394,Resolved,Medium
INV001050,TXN053399,FRD053399,Resolved,Medium
INV001051,TXN053542,FRD053542,Closed,Medium
INV001052,TXN053565,FRD053565,Under Review,Medium
INV001053,TXN053585,FRD053585,Under Review,Medium
INV001054,TXN053601,FRD053601,Open,Medium
INV001055,TXN053635,FRD053635,Resolved,Medium
INV001056,TXN053675,FRD053675,Open,Medium
INV001057,TXN053692,FRD053692,Under Review,Medium
INV001058,TXN053702,FRD053702,Open,Medium
INV001059,TXN053745,FRD053745,Open,Medium
INV001060,TXN053765,FRD053765,Closed,Medium
INV001061,TXN053775,FRD053775,Resolved,Medium
INV001062,TXN053830,FRD053830,Open,Medium
INV001063,TXN053861,FRD053861,Under Review,Medium
INV001064,TXN053884,FRD053884,Resolved,Medium
INV001065,TXN053920,FRD053920,Closed,Medium
INV001066,TXN053921,FRD053921,Under Review,Medium
INV001067,TXN053923,FRD053923,Open,Medium
INV001068,TXN053925,FRD053925,Resolved,Medium
INV001069,TXN053961,FRD053961,Under Review,Medium
INV001070,TXN053977,FRD053977,Resolved,Medium
INV001071,TXN054022,FRD054022,Closed,Medium
INV001072,TXN054059,FRD054059,Resolved,High
INV001073,TXN054081,FRD054081,Resolved,Medium
INV001074,TXN054135,FRD054135,Closed,Medium
INV001075,TXN054159,FRD054159,Closed,Medium
INV001076,TXN054228,FRD054228,Resolved,Medium
INV001077,TXN054312,FRD054312,Under Review,Medium
INV001078,TXN054441,FRD054441,Resolved,Medium
INV001079,TXN054452,FRD054452,Resolved,Medium
INV001080,TXN054495,FRD054495,Resolved,Medium
INV001081,TXN054663,FRD054663,Resolved,Medium
INV001082,TXN054671,FRD054671,Under Review,Medium
INV001083,TXN054750,FRD054750,Closed,Medium
INV001084,TXN054752,FRD054752,Resolved,Medium
INV001085,TXN054787,FRD054787,Closed,Medium
INV001086,TXN054922,FRD054922,Resolved,Medium
INV001087,TXN054966,FRD054966,Closed,Medium
INV001088,TXN054968,FRD054968,Under Review,Medium
INV001089,TXN054982,FRD054982,Under Review,Medium
INV001090,TXN055045,FRD055045,Open,Medium
INV001091,TXN055056,FRD055056,Closed,Medium
INV001092,TXN055095,FRD055095,Under Review,Medium
INV001093,TXN055202,FRD055202,Under Review,Medium
INV001094,TXN055240,FRD055240,Resolved,Medium
INV001095,TXN055258,FRD055258,Under Review,Medium
INV001096,TXN055375,FRD055375,Resolved,Medium
INV001097,TXN055415,FRD055415,Resolved,Medium
INV001098,TXN055476,FRD055476,Open,Medium
INV001099,TXN055565,FRD055565,Resolved,Medium
INV001100,TXN055575,FRD055575,Closed,Medium
INV001101,TXN055621,FRD055621,Resolved,Medium
INV001102,TXN055634,FRD055634,Closed,High
INV001103,TXN055639,FRD055639,Resolved,Medium
INV001104,TXN055799,FRD055799,Closed,Medium
INV001105,TXN055841,FRD055841,Open,Medium
INV001106,TXN055863,FRD055863,Under Review,Medium
INV001107,TXN055883,FRD055883,Under Review,Medium
INV001108,TXN055884,FRD055884,Under Review,Medium
INV001109,TXN055927,FRD055927,Resolved,Medium
INV001110,TXN055980,FRD055980,Open,Medium
INV001111,TXN056064,FRD056064,Closed,Medium
INV001112,TXN056250,FRD056250,Open,Medium
INV001113,TXN056315,FRD056315,Open,High
INV001114,TXN056352,FRD056352,Closed,Medium
INV001115,TXN056412,FRD056412,Under Review,Medium
INV001116,TXN056446,FRD056446,Resolved,Medium
INV001117,TXN056514,FRD056514,Under Review,Medium
INV001118,TXN056622,FRD056622,Closed,Medium
INV001119,TXN056658,FRD056658,Open,Medium
INV001120,TXN056691,FRD056691,Under Review,Medium
INV001121,TXN056696,FRD056696,Resolved,Medium
INV001122,TXN056708,FRD056708,Resolved,Medium
INV001123,TXN056810,FRD056810,Open,Medium
INV001124,TXN056828,FRD056828,Closed,Medium
INV001125,TXN056831,FRD056831,Resolved,Medium
INV001126,TXN056843,FRD056843,Resolved,Medium
INV001127,TXN056883,FRD056883,Resolved,Medium
INV001128,TXN056888,FRD056888,Under Review,Medium
INV001129,TXN056989,FRD056989,Closed,Medium
INV001130,TXN057028,FRD057028,Under Review,Medium
INV001131,TXN057132,FRD057132,Under Review,Medium
INV001132,TXN057237,FRD057237,Closed,Medium
INV001133,TXN057269,FRD057269,Closed,Medium
INV001134,TXN057442,FRD057442,Resolved,Medium
INV001135,TXN057506,FRD057506,Closed,Medium
INV001136,TXN057514,FRD057514,Resolved,Medium
INV001137,TXN057557,FRD057557,Resolved,Medium
INV001138,TXN057588,FRD057588,Closed,Medium
INV001139,TXN057669,FRD057669,Resolved,Medium
INV001140,TXN057691,FRD057691,Closed,Medium
INV001141,TXN057713,FRD057713,Closed,Medium
INV001142,TXN057768,FRD057768,Closed,Medium
INV001143,TXN057777,FRD057777,Resolved,Medium
INV001144,TXN057866,FRD057866,Resolved,Medium
INV001145,TXN058004,FRD058004,Resolved,Medium
INV001146,TXN058017,FRD058017,Under Review,Medium
INV001147,TXN058092,FRD058092,Resolved,Medium
INV001148,TXN058107,FRD058107,Under Review,Medium
INV001149,TXN058152,FRD058152,Under Review,Medium
INV001150,TXN058159,FRD058159,Resolved,Medium
INV001151,TXN058209,FRD058209,Resolved,Medium
INV001152,TXN058232,FRD058232,Open,Medium
INV001153,TXN058247,FRD058247,Closed,Medium
INV001154,TXN058302,FRD058302,Resolved,Medium
INV001155,TXN058323,FRD058323,Resolved,Medium
INV001156,TXN058420,FRD058420,Under Review,Medium
INV001157,TXN058515,FRD058515,Under Review,Medium
INV001158,TXN058519,FRD058519,Resolved,Medium
INV001159,TXN058535,FRD058535,Resolved,Medium
INV001160,TXN058540,FRD058540,Closed,Medium
INV001161,TXN058597,FRD058597,Resolved,Medium
INV001162,TXN058664,FRD058664,Closed,Medium
INV001163,TXN058751,FRD058751,Open,Medium
INV001164,TXN058777,FRD058777,Closed,Medium
INV001165,TXN058786,FRD058786,Under Review,Medium
INV001166,TXN058789,FRD058789,Closed,Medium
INV001167,TXN058838,FRD058838,Open,Medium
INV001168,TXN058859,FRD058859,Resolved,Medium
INV001169,TXN058909,FRD058909,Closed,Medium
INV001170,TXN058910,FRD058910,Closed,Medium
INV001171,TXN058981,FRD058981,Resolved,Medium
INV001172,TXN059020,FRD059020,Open,Medium
INV001173,TXN059072,FRD059072,Resolved,Medium
INV001174,TXN059104,FRD059104,Closed,Medium
INV001175,TXN059136,FRD059136,Closed,Medium
INV001176,TXN059212,FRD059212,Open,Medium
INV001177,TXN059223,FRD059223,Closed,Medium
INV001178,TXN059276,FRD059276,Resolved,Medium
INV001179,TXN059297,FRD059297,Resolved,Medium
INV001180,TXN059400,FRD059400,Closed,Medium
INV001181,TXN059402,FRD059402,Resolved,Medium
INV001182,TXN059487,FRD059487,Resolved,Medium
INV001183,TXN059519,FRD059519,Resolved,Medium
INV001184,TXN059524,FRD059524,Closed,Medium
INV001185,TXN059544,FRD059544,Resolved,Medium
INV001186,TXN059558,FRD059558,Under Review,Medium
INV001187,TXN059564,FRD059564,Under Review,Medium
INV001188,TXN059577,FRD059577,Resolved,Medium
INV001189,TXN059601,FRD059601,Under Review,Medium
INV001190,TXN059615,FRD059615,Open,Medium
INV001191,TXN059618,FRD059618,Closed,Medium
INV001192,TXN059634,FRD059634,Under Review,Medium
INV001193,TXN059671,FRD059671,Resolved,Medium
INV001194,TXN059810,FRD059810,Open,Medium
INV001195,TXN060015,FRD060015,Open,Medium
INV001196,TXN060032,FRD060032,Closed,Medium
INV001197,TXN060047,FRD060047,Open,Medium
INV001198,TXN060076,FRD060076,Under Review,Medium
INV001199,TXN060103,FRD060103,Closed,Medium
INV001200,TXN060153,FRD060153,Resolved,Medium
INV001201,TXN060265,FRD060265,Under Review,Medium
INV001202,TXN060270,FRD060270,Resolved,Medium
INV001203,TXN060300,FRD060300,Open,Medium
INV001204,TXN060304,FRD060304,Resolved,Medium
INV001205,TXN060338,FRD060338,Closed,Medium
INV001206,TXN060349,FRD060349,Closed,Medium
INV001207,TXN060383,FRD060383,Under Review,Medium
INV001208,TXN060389,FRD060389,Resolved,Medium
INV001209,TXN060465,FRD060465,Resolved,Medium
INV001210,TXN060467,FRD060467,Resolved,Medium
INV001211,TXN060527,FRD060527,Open,Medium
INV001212,TXN060557,FRD060557,Closed,Medium
INV001213,TXN060670,FRD060670,Under Review,Medium
INV001214,TXN060691,FRD060691,Resolved,Medium
INV001215,TXN060713,FRD060713,Resolved,Medium
INV001216,TXN060782,FRD060782,Resolved,Medium
INV001217,TXN060892,FRD060892,Closed,Medium
INV001218,TXN060912,FRD060912,Under Review,Medium
INV001219,TXN061039,FRD061039,Under Review,Medium
INV001220,TXN061143,FRD061143,Closed,Medium
INV001221,TXN061150,FRD061150,Resolved,Medium
INV001222,TXN061282,FRD061282,Resolved,Medium
INV001223,TXN061386,FRD061386,Resolved,Medium
INV001224,TXN061398,FRD061398,Resolved,Medium
INV001225,TXN061489,FRD061489,Under Review,Medium
INV001226,TXN061503,FRD061503,Resolved,Medium
INV001227,TXN061521,FRD061521,Under Review,Medium
INV001228,TXN061661,FRD061661,Closed,Medium
INV001229,TXN061684,FRD061684,Under Review,Medium
INV001230,TXN061861,FRD061861,Resolved,Medium
INV001231,TXN061900,FRD061900,Resolved,Medium
INV001232,TXN062093,FRD062093,Closed,Medium
INV001233,TXN062151,FRD062151,Resolved,Medium
INV001234,TXN062167,FRD062167,Resolved,Medium
INV001235,TXN062215,FRD062215,Under Review,Medium
INV001236,TXN062257,FRD062257,Resolved,Medium
INV001237,TXN062276,FRD062276,Resolved,Medium
INV001238,TXN062279,FRD062279,Closed,Medium
INV001239,TXN062402,FRD062402,Resolved,Medium
INV001240,TXN062438,FRD062438,Closed,Medium
INV001241,TXN062443,FRD062443,Closed,Medium
INV001242,TXN062479,FRD062479,Closed,Medium
INV001243,TXN062501,FRD062501,Open,Medium
INV001244,TXN062514,FRD062514,Closed,Medium
INV001245,TXN062550,FRD062550,Resolved,Medium
INV001246,TXN062555,FRD062555,Open,Medium
INV001247,TXN062648,FRD062648,Resolved,Medium
INV001248,TXN062726,FRD062726,Closed,Medium
INV001249,TXN062727,FRD062727,Open,Medium
INV001250,TXN062779,FRD062779,Closed,Medium
INV001251,TXN062784,FRD062784,Under Review,Medium
INV001252,TXN062814,FRD062814,Resolved,Medium
INV001253,TXN062824,FRD062824,Closed,Medium
INV001254,TXN062899,FRD062899,Open,Medium
INV001255,TXN062975,FRD062975,Closed,Medium
INV001256,TXN063006,FRD063006,Open,Medium
INV001257,TXN063077,FRD063077,Closed,Medium
INV001258,TXN063124,FRD063124,Closed,Medium
INV001259,TXN063203,FRD063203,Closed,Medium
INV001260,TXN063239,FRD063239,Resolved,Medium
INV001261,TXN063251,FRD063251,Resolved,Medium
INV001262,TXN063282,FRD063282,Resolved,Medium
INV001263,TXN063349,FRD063349,Under Review,Medium
INV001264,TXN063369,FRD063369,Resolved,Medium
INV001265,TXN063436,FRD063436,Open,Medium
INV001266,TXN063554,FRD063554,Under Review,Medium
INV001267,TXN063620,FRD063620,Open,Medium
INV001268,TXN063647,FRD063647,Open,Medium
INV001269,TXN063665,FRD063665,Open,Medium
INV001270,TXN063678,FRD063678,Resolved,Medium
INV001271,TXN063705,FRD063705,Closed,Medium
INV001272,TXN063763,FRD063763,Closed,Medium
INV001273,TXN063852,FRD063852,Under Review,Medium
INV001274,TXN063881,FRD063881,Closed,Medium
INV001275,TXN063903,FRD063903,Under Review,Medium
INV001276,TXN064122,FRD064122,Under Review,Medium
INV001277,TXN064191,FRD064191,Resolved,Medium
INV001278,TXN064242,FRD064242,Closed,High
INV001279,TXN064243,FRD064243,Closed,Medium
INV001280,TXN064272,FRD064272,Resolved,Medium
INV001281,TXN064292,FRD064292,Under Review,Medium
INV001282,TXN064313,FRD064313,Under Review,Medium
INV001283,TXN064380,FRD064380,Under Review,Medium
INV001284,TXN064419,FRD064419,Resolved,Medium
INV001285,TXN064512,FRD064512,Resolved,Medium
INV001286,TXN064579,FRD064579,Closed,Medium
INV001287,TXN064630,FRD064630,Resolved,Medium
INV001288,TXN064632,FRD064632,Closed,Medium
INV001289,TXN064673,FRD064673,Resolved,Medium
INV001290,TXN064695,FRD064695,Resolved,Medium
INV001291,TXN064795,FRD064795,Open,Medium
INV001292,TXN064808,FRD064808,Resolved,Medium
INV001293,TXN064812,FRD064812,Under Review,Medium
INV001294,TXN064850,FRD064850,Closed,Medium
INV001295,TXN064948,FRD064948,Resolved,Medium
INV001296,TXN064971,FRD064971,Resolved,Medium
INV001297,TXN064999,FRD064999,Resolved,Medium
INV001298,TXN065148,FRD065148,Closed,Medium
INV001299,TXN065170,FRD065170,Resolved,Medium
INV001300,TXN065171,FRD065171,Resolved,Medium
INV001301,TXN065269,FRD065269,Resolved,Medium
INV001302,TXN065285,FRD065285,Under Review,Medium
INV001303,TXN065357,FRD065357,Closed,Medium
INV001304,TXN065387,FRD065387,Under Review,Medium
INV001305,TXN065456,FRD065456,Resolved,Medium
INV001306,TXN065543,FRD065543,Under Review,Medium
INV001307,TXN065567,FRD065567,Closed,Medium
INV001308,TXN065615,FRD065615,Open,Medium
INV001309,TXN065639,FRD065639,Resolved,Medium
INV001310,TXN065658,FRD065658,Closed,Medium
INV001311,TXN065909,FRD065909,Under Review,Medium
INV001312,TXN065941,FRD065941,Under Review,Medium
INV001313,TXN066005,FRD066005,Closed,Medium
INV001314,TXN066061,FRD066061,Resolved,Medium
INV001315,TXN066124,FRD066124,Open,Medium
INV001316,TXN066163,FRD066163,Closed,Medium
INV001317,TXN066184,FRD066184,Resolved,Medium
INV001318,TXN066280,FRD066280,Resolved,Medium
INV001319,TXN066344,FRD066344,Resolved,Medium
INV001320,TXN066348,FRD066348,Closed,Medium
INV001321,TXN066395,FRD066395,Under Review,Medium
INV001322,TXN066412,FRD066412,Resolved,Medium
INV001323,TXN066456,FRD066456,Resolved,Medium
INV001324,TXN066469,FRD066469,Resolved,Medium
INV001325,TXN066503,FRD066503,Closed,High
INV001326,TXN066531,FRD066531,Closed,Medium
INV001327,TXN066565,FRD066565,Under Review,Medium
INV001328,TXN066566,FRD066566,Closed,Medium
INV001329,TXN066660,FRD066660,Resolved,Medium
INV001330,TXN066674,FRD066674,Closed,Medium
INV001331,TXN066774,FRD066774,Under Review,Medium
INV001332,TXN066776,FRD066776,Closed,Medium
INV001333,TXN066825,FRD066825,Open,Medium
INV001334,TXN066850,FRD066850,Under Review,Medium
INV001335,TXN066953,FRD066953,Under Review,Medium
INV001336,TXN066979,FRD066979,Under Review,Medium
INV001337,TXN067004,FRD067004,Closed,Medium
INV001338,TXN067072,FRD067072,Resolved,High
INV001339,TXN067086,FRD067086,Open,Medium
INV001340,TXN067093,FRD067093,Under Review,Medium
INV001341,TXN067270,FRD067270,Closed,Medium
INV001342,TXN067349,FRD067349,Resolved,Medium
INV001343,TXN067441,FRD067441,Resolved,Medium
INV001344,TXN067465,FRD067465,Closed,Medium
INV001345,TXN067496,FRD067496,Open,Medium
INV001346,TXN067542,FRD067542,Under Review,Medium
INV001347,TXN067552,FRD067552,Under Review,Medium
INV001348,TXN067570,FRD067570,Resolved,Medium
INV001349,TXN067576,FRD067576,Resolved,Medium
INV001350,TXN067582,FRD067582,Closed,Medium
INV001351,TXN067723,FRD067723,Under Review,Medium
INV001352,TXN067750,FRD067750,Resolved,Medium
INV001353,TXN067863,FRD067863,Under Review,Medium
INV001354,TXN067865,FRD067865,Resolved,Medium
INV001355,TXN067885,FRD067885,Open,Medium
INV001356,TXN067933,FRD067933,Resolved,Medium
INV001357,TXN068036,FRD068036,Closed,Medium
INV001358,TXN068158,FRD068158,Resolved,Medium
INV001359,TXN068160,FRD068160,Under Review,Medium
INV001360,TXN068289,FRD068289,Under Review,Medium
INV001361,TXN068342,FRD068342,Resolved,Medium
INV001362,TXN068417,FRD068417,Closed,Medium
INV001363,TXN068431,FRD068431,Closed,Medium
INV001364,TXN068469,FRD068469,Closed,Medium
INV001365,TXN068472,FRD068472,Under Review,Medium
INV001366,TXN068526,FRD068526,Under Review,Medium
INV001367,TXN068544,FRD068544,Resolved,Medium
INV001368,TXN068566,FRD068566,Closed,Medium
INV001369,TXN068770,FRD068770,Resolved,Medium
INV001370,TXN068807,FRD068807,Under Review,Medium
INV001371,TXN068867,FRD068867,Closed,Medium
INV001372,TXN068871,FRD068871,Closed,Medium
INV001373,TXN068904,FRD068904,Under Review,Medium
INV001374,TXN068975,FRD068975,Under Review,Medium
INV001375,TXN069158,FRD069158,Open,Medium
INV001376,TXN069240,FRD069240,Open,Medium
INV001377,TXN069351,FRD069351,Closed,Medium
INV001378,TXN069364,FRD069364,Under Review,Medium
INV001379,TXN069421,FRD069421,Under Review,Medium
INV001380,TXN069547,FRD069547,Closed,Medium
INV001381,TXN069564,FRD069564,Resolved,Medium
INV001382,TXN069570,FRD069570,Resolved,Medium
INV001383,TXN069600,FRD069600,Under Review,Medium
INV001384,TXN069616,FRD069616,Resolved,Medium
INV001385,TXN069620,FRD069620,Resolved,Medium
INV001386,TXN069711,FRD069711,Closed,Medium
INV001387,TXN069794,FRD069794,Closed,Medium
INV001388,TXN069853,FRD069853,Under Review,Medium
INV001389,TXN070014,FRD070014,Closed,Medium
INV001390,TXN070067,FRD070067,Resolved,Medium
INV001391,TXN070120,FRD070120,Closed,Medium
INV001392,TXN070513,FRD070513,Open,Medium
INV001393,TXN070525,FRD070525,Closed,Medium
INV001394,TXN070577,FRD070577,Closed,Medium
INV001395,TXN070615,FRD070615,Closed,Medium
INV001396,TXN070639,FRD070639,Open,High
INV001397,TXN070648,FRD070648,Under Review,Medium
INV001398,TXN070676,FRD070676,Under Review,Medium
INV001399,TXN070801,FRD070801,Open,Medium
INV001400,TXN070818,FRD070818,Resolved,Medium
INV001401,TXN070858,FRD070858,Closed,Medium
INV001402,TXN070873,FRD070873,Under Review,Medium
INV001403,TXN070925,FRD070925,Under Review,Medium
INV001404,TXN071044,FRD071044,Closed,Medium
INV001405,TXN071075,FRD071075,Open,Medium
INV001406,TXN071175,FRD071175,Closed,Medium
INV001407,TXN071197,FRD071197,Closed,Medium
INV001408,TXN071207,FRD071207,Under Review,Medium
INV001409,TXN071231,FRD071231,Resolved,Medium
INV001410,TXN071265,FRD071265,Resolved,Medium
INV001411,TXN071273,FRD071273,Resolved,High
INV001412,TXN071287,FRD071287,Closed,Medium
INV001413,TXN071288,FRD071288,Open,Medium
INV001414,TXN071407,FRD071407,Under Review,Medium
INV001415,TXN071438,FRD071438,Closed,Medium
INV001416,TXN071519,FRD071519,Open,Medium
INV001417,TXN071526,FRD071526,Resolved,Medium
INV001418,TXN071535,FRD071535,Closed,Medium
INV001419,TXN071575,FRD071575,Resolved,Medium
INV001420,TXN071635,FRD071635,Closed,Medium
INV001421,TXN071660,FRD071660,Resolved,Medium
INV001422,TXN071682,FRD071682,Resolved,Medium
INV001423,TXN071707,FRD071707,Resolved,Medium
INV001424,TXN071789,FRD071789,Under Review,Medium
INV001425,TXN071798,FRD071798,Resolved,Medium
INV001426,TXN071814,FRD071814,Closed,Medium
INV001427,TXN071871,FRD071871,Resolved,Medium
INV001428,TXN071874,FRD071874,Resolved,Medium
INV001429,TXN071878,FRD071878,Closed,Medium
INV001430,TXN071897,FRD071897,Under Review,Medium
INV001431,TXN071901,FRD071901,Under Review,Medium
INV001432,TXN071916,FRD071916,Resolved,Medium
INV001433,TXN071917,FRD071917,Under Review,Medium
INV001434,TXN071918,FRD071918,Resolved,Medium
INV001435,TXN071925,FRD071925,Resolved,Medium
INV001436,TXN071955,FRD071955,Resolved,Medium
INV001437,TXN072076,FRD072076,Resolved,Medium
INV001438,TXN072084,FRD072084,Resolved,Medium
INV001439,TXN072109,FRD072109,Open,Medium
INV001440,TXN072115,FRD072115,Closed,Medium
INV001441,TXN072126,FRD072126,Open,Medium
INV001442,TXN072161,FRD072161,Under Review,Medium
INV001443,TXN072168,FRD072168,Closed,Medium
INV001444,TXN072184,FRD072184,Open,Medium
INV001445,TXN072186,FRD072186,Resolved,Medium
INV001446,TXN072208,FRD072208,Open,Medium
INV001447,TXN072268,FRD072268,Closed,Medium
INV001448,TXN072278,FRD072278,Resolved,Medium
INV001449,TXN072295,FRD072295,Open,Medium
INV001450,TXN072310,FRD072310,Resolved,Medium
INV001451,TXN072317,FRD072317,Under Review,Medium
INV001452,TXN072319,FRD072319,Resolved,Medium
INV001453,TXN072352,FRD072352,Resolved,Medium
INV001454,TXN072426,FRD072426,Resolved,Medium
INV001455,TXN072465,FRD072465,Closed,Medium
INV001456,TXN072483,FRD072483,Resolved,Medium
INV001457,TXN072507,FRD072507,Resolved,Medium
INV001458,TXN072584,FRD072584,Under Review,Medium
INV001459,TXN072655,FRD072655,Under Review,Medium
INV001460,TXN072738,FRD072738,Closed,Medium
INV001461,TXN072750,FRD072750,Resolved,Medium
INV001462,TXN072751,FRD072751,Resolved,Medium
INV001463,TXN073015,FRD073015,Open,Medium
INV001464,TXN073033,FRD073033,Resolved,Medium
INV001465,TXN073124,FRD073124,Closed,Medium
INV001466,TXN073154,FRD073154,Closed,Medium
INV001467,TXN073281,FRD073281,Resolved,Medium
INV001468,TXN073299,FRD073299,Resolved,Medium
INV001469,TXN073339,FRD073339,Closed,Medium
INV001470,TXN073386,FRD073386,Under Review,Medium
INV001471,TXN073387,FRD073387,Under Review,Medium
INV001472,TXN073424,FRD073424,Under Review,Medium
INV001473,TXN073481,FRD073481,Resolved,Medium
INV001474,TXN073514,FRD073514,Resolved,Medium
INV001475,TXN073523,FRD073523,Open,Medium
INV001476,TXN073613,FRD073613,Under Review,Medium
INV001477,TXN073650,FRD073650,Closed,Medium
INV001478,TXN073657,FRD073657,Under Review,Medium
INV001479,TXN073683,FRD073683,Resolved,Medium
INV001480,TXN073703,FRD073703,Under Review,Medium
INV001481,TXN073778,FRD073778,Closed,Medium
INV001482,TXN073885,FRD073885,Resolved,Medium
INV001483,TXN073904,FRD073904,Under Review,Medium
INV001484,TXN073933,FRD073933,Resolved,Medium
INV001485,TXN073986,FRD073986,Under Review,Medium
INV001486,TXN073987,FRD073987,Open,Medium
INV001487,TXN074036,FRD074036,Closed,Medium
INV001488,TXN074063,FRD074063,Resolved,Medium
INV001489,TXN074094,FRD074094,Closed,Medium
INV001490,TXN074116,FRD074116,Resolved,Medium
INV001491,TXN074172,FRD074172,Resolved,Medium
INV001492,TXN074190,FRD074190,Closed,Medium
INV001493,TXN074254,FRD074254,Open,Medium
INV001494,TXN074274,FRD074274,Under Review,Medium
INV001495,TXN074294,FRD074294,Resolved,Medium
INV001496,TXN074328,FRD074328,Open,Medium
INV001497,TXN074364,FRD074364,Open,Medium
INV001498,TXN074366,FRD074366,Open,Medium
INV001499,TXN074381,FRD074381,Resolved,Medium
INV001500,TXN074496,FRD074496,Closed,Medium
INV001501,TXN074539,FRD074539,Resolved,Medium
INV001502,TXN074587,FRD074587,Closed,Medium
INV001503,TXN074680,FRD074680,Under Review,Medium
INV001504,TXN074748,FRD074748,Resolved,Medium
INV001505,TXN074795,FRD074795,Resolved,Medium
INV001506,TXN074929,FRD074929,Resolved,Medium
INV001507,TXN074947,FRD074947,Closed,Medium
INV001508,TXN075021,FRD075021,Under Review,High
INV001509,TXN075071,FRD075071,Under Review,Medium
INV001510,TXN075072,FRD075072,Closed,Medium
INV001511,TXN075088,FRD075088,Resolved,Medium
INV001512,TXN075121,FRD075121,Resolved,Medium
INV001513,TXN075243,FRD075243,Open,Medium
INV001514,TXN075255,FRD075255,Under Review,Medium
INV001515,TXN075365,FRD075365,Closed,Medium
INV001516,TXN075411,FRD075411,Under Review,Medium
INV001517,TXN075460,FRD075460,Under Review,Medium
INV001518,TXN075473,FRD075473,Resolved,Medium
INV001519,TXN075480,FRD075480,Resolved,Medium
INV001520,TXN075490,FRD075490,Closed,Medium
INV001521,TXN075537,FRD075537,Closed,Medium
INV001522,TXN075565,FRD075565,Resolved,Medium
INV001523,TXN075576,FRD075576,Open,Medium
INV001524,TXN075612,FRD075612,Under Review,Medium
INV001525,TXN075665,FRD075665,Under Review,Medium
INV001526,TXN075682,FRD075682,Resolved,Medium
INV001527,TXN075695,FRD075695,Resolved,Medium
INV001528,TXN075804,FRD075804,Under Review,Medium
INV001529,TXN075812,FRD075812,Closed,Medium
INV001530,TXN075841,FRD075841,Under Review,High
INV001531,TXN075857,FRD075857,Open,Medium
INV001532,TXN076018,FRD076018,Closed,Medium
INV001533,TXN076166,FRD076166,Under Review,Medium
INV001534,TXN076296,FRD076296,Under Review,Medium
INV001535,TXN076336,FRD076336,Resolved,Medium
INV001536,TXN076429,FRD076429,Under Review,Medium
INV001537,TXN076520,FRD076520,Resolved,Medium
INV001538,TXN076566,FRD076566,Resolved,Medium
INV001539,TXN076579,FRD076579,Resolved,Medium
INV001540,TXN076683,FRD076683,Resolved,Medium
INV001541,TXN076711,FRD076711,Resolved,Medium
INV001542,TXN076720,FRD076720,Closed,Medium
INV001543,TXN076800,FRD076800,Open,Medium
INV001544,TXN076807,FRD076807,Under Review,Medium
INV001545,TXN076811,FRD076811,Under Review,Medium
INV001546,TXN076911,FRD076911,Open,Medium
INV001547,TXN077027,FRD077027,Resolved,Medium
INV001548,TXN077080,FRD077080,Resolved,Medium
INV001549,TXN077174,FRD077174,Closed,High
INV001550,TXN077184,FRD077184,Under Review,Medium
INV001551,TXN077198,FRD077198,Under Review,Medium
INV001552,TXN077215,FRD077215,Resolved,Medium
INV001553,TXN077261,FRD077261,Under Review,Medium
INV001554,TXN077294,FRD077294,Closed,Medium
INV001555,TXN077359,FRD077359,Resolved,Medium
INV001556,TXN077369,FRD077369,Under Review,Medium
INV001557,TXN077384,FRD077384,Resolved,Medium
INV001558,TXN077420,FRD077420,Closed,Medium
INV001559,TXN077479,FRD077479,Closed,Medium
INV001560,TXN077606,FRD077606,Closed,Medium
INV001561,TXN077692,FRD077692,Closed,Medium
INV001562,TXN077701,FRD077701,Open,Medium
INV001563,TXN077712,FRD077712,Under Review,Medium
INV001564,TXN077732,FRD077732,Under Review,Medium
INV001565,TXN077828,FRD077828,Closed,Medium
INV001566,TXN077886,FRD077886,Closed,Medium
INV001567,TXN078004,FRD078004,Resolved,Medium
INV001568,TXN078057,FRD078057,Resolved,High
INV001569,TXN078075,FRD078075,Resolved,Medium
INV001570,TXN078092,FRD078092,Open,Medium
INV001571,TXN078136,FRD078136,Closed,Medium
INV001572,TXN078143,FRD078143,Under Review,Medium
INV001573,TXN078162,FRD078162,Closed,Medium
INV001574,TXN078192,FRD078192,Resolved,Medium
INV001575,TXN078232,FRD078232,Resolved,Medium
INV001576,TXN078278,FRD078278,Open,Medium
INV001577,TXN078382,FRD078382,Open,Medium
INV001578,TXN078386,FRD078386,Under Review,Medium
INV001579,TXN078448,FRD078448,Resolved,High
INV001580,TXN078466,FRD078466,Resolved,Medium
INV001581,TXN078524,FRD078524,Closed,Medium
INV001582,TXN078540,FRD078540,Resolved,Medium
INV001583,TXN078602,FRD078602,Resolved,Medium
INV001584,TXN078744,FRD078744,Closed,Medium
INV001585,TXN078764,FRD078764,Closed,Medium
INV001586,TXN078817,FRD078817,Closed,Medium
INV001587,TXN078819,FRD078819,Under Review,Medium
INV001588,TXN078827,FRD078827,Under Review,Medium
INV001589,TXN078854,FRD078854,Under Review,Medium
INV001590,TXN078931,FRD078931,Open,Medium
INV001591,TXN078952,FRD078952,Resolved,Medium
INV001592,TXN078968,FRD078968,Open,Medium
INV001593,TXN079043,FRD079043,Resolved,Medium
INV001594,TXN079079,FRD079079,Resolved,Medium
INV001595,TXN079139,FRD079139,Resolved,Medium
INV001596,TXN079167,FRD079167,Resolved,Medium
INV001597,TXN079218,FRD079218,Under Review,Medium
INV001598,TXN079230,FRD079230,Under Review,Medium
INV001599,TXN079285,FRD079285,Closed,Medium
INV001600,TXN079305,FRD079305,Closed,Medium
INV001601,TXN079388,FRD079388,Open,Medium
INV001602,TXN079474,FRD079474,Resolved,Medium
INV001603,TXN079484,FRD079484,Closed,Medium
INV001604,TXN079533,FRD079533,Resolved,Medium
INV001605,TXN079673,FRD079673,Under Review,Medium
INV001606,TXN079729,FRD079729,Under Review,Medium
INV001607,TXN079779,FRD079779,Closed,Medium
INV001608,TXN079861,FRD079861,Under Review,Medium
INV001609,TXN079878,FRD079878,Open,Medium
INV001610,TXN079923,FRD079923,Closed,Medium
INV001611,TXN079938,FRD079938,Under Review,Medium
INV001612,TXN080111,FRD080111,Closed,Medium
INV001613,TXN080133,FRD080133,Closed,Medium
INV001614,TXN080145,FRD080145,Resolved,Medium
INV001615,TXN080166,FRD080166,Closed,Medium
INV001616,TXN080203,FRD080203,Closed,Medium
INV001617,TXN080233,FRD080233,Resolved,Medium
INV001618,TXN080311,FRD080311,Under Review,Medium
INV001619,TXN080415,FRD080415,Closed,Medium
INV001620,TXN080584,FRD080584,Resolved,Medium
INV001621,TXN080595,FRD080595,Closed,Medium
INV001622,TXN080618,FRD080618,Resolved,Medium
INV001623,TXN080633,FRD080633,Resolved,Medium
INV001624,TXN080634,FRD080634,Open,Medium
INV001625,TXN080672,FRD080672,Closed,Medium
INV001626,TXN080782,FRD080782,Under Review,Medium
INV001627,TXN080801,FRD080801,Resolved,Medium
INV001628,TXN080835,FRD080835,Under Review,Medium
INV001629,TXN080847,FRD080847,Under Review,Medium
INV001630,TXN080951,FRD080951,Closed,Medium
INV001631,TXN081141,FRD081141,Resolved,Medium
INV001632,TXN081207,FRD081207,Under Review,Medium
INV001633,TXN081252,FRD081252,Under Review,Medium
INV001634,TXN081544,FRD081544,Resolved,Medium
INV001635,TXN081642,FRD081642,Under Review,Medium
INV001636,TXN081669,FRD081669,Under Review,High
INV001637,TXN081731,FRD081731,Open,Medium
INV001638,TXN081794,FRD081794,Open,Medium
INV001639,TXN081806,FRD081806,Open,Medium
INV001640,TXN081824,FRD081824,Closed,Medium
INV001641,TXN081827,FRD081827,Under Review,Medium
INV001642,TXN081855,FRD081855,Open,Medium
INV001643,TXN081874,FRD081874,Resolved,Medium
INV001644,TXN081968,FRD081968,Closed,Medium
INV001645,TXN081969,FRD081969,Resolved,Medium
INV001646,TXN082013,FRD082013,Resolved,Medium
INV001647,TXN082103,FRD082103,Resolved,Medium
INV001648,TXN082121,FRD082121,Resolved,Medium
INV001649,TXN082139,FRD082139,Under Review,Medium
INV001650,TXN082181,FRD082181,Open,Medium
INV001651,TXN082245,FRD082245,Resolved,Medium
INV001652,TXN082275,FRD082275,Closed,Medium
INV001653,TXN082324,FRD082324,Under Review,Medium
INV001654,TXN082326,FRD082326,Open,Medium
INV001655,TXN082411,FRD082411,Under Review,Medium
INV001656,TXN082421,FRD082421,Closed,Medium
INV001657,TXN082440,FRD082440,Under Review,Medium
INV001658,TXN082456,FRD082456,Closed,Medium
INV001659,TXN082482,FRD082482,Closed,Medium
INV001660,TXN082485,FRD082485,Resolved,Medium
INV001661,TXN082518,FRD082518,Under Review,Medium
INV001662,TXN082552,FRD082552,Closed,Medium
INV001663,TXN082588,FRD082588,Open,Medium
INV001664,TXN082648,FRD082648,Closed,Medium
INV001665,TXN082666,FRD082666,Resolved,Medium
INV001666,TXN082783,FRD082783,Under Review,Medium
INV001667,TXN082858,FRD082858,Open,Medium
INV001668,TXN082918,FRD082918,Closed,Medium
INV001669,TXN082946,FRD082946,Resolved,Medium
INV001670,TXN082978,FRD082978,Resolved,Medium
INV001671,TXN082998,FRD082998,Resolved,Medium
INV001672,TXN083017,FRD083017,Closed,Medium
INV001673,TXN083027,FRD083027,Resolved,Medium
INV001674,TXN083077,FRD083077,Under Review,Medium
INV001675,TXN083157,FRD083157,Resolved,Medium
INV001676,TXN083189,FRD083189,Under Review,Medium
INV001677,TXN083191,FRD083191,Resolved,Medium
INV001678,TXN083201,FRD083201,Resolved,Medium
INV001679,TXN083448,FRD083448,Under Review,Medium
INV001680,TXN083501,FRD083501,Under Review,Medium
INV001681,TXN083587,FRD083587,Under Review,Medium
INV001682,TXN083691,FRD083691,Closed,Medium
INV001683,TXN083716,FRD083716,Open,Medium
INV001684,TXN083734,FRD083734,Resolved,Medium
INV001685,TXN083787,FRD083787,Resolved,Medium
INV001686,TXN083809,FRD083809,Resolved,Medium
INV001687,TXN083845,FRD083845,Resolved,Medium
INV001688,TXN083861,FRD083861,Under Review,Medium
INV001689,TXN083907,FRD083907,Resolved,Medium
INV001690,TXN083944,FRD083944,Resolved,Medium
INV001691,TXN084029,FRD084029,Open,Medium
INV001692,TXN084067,FRD084067,Open,Medium
INV001693,TXN084123,FRD084123,Closed,Medium
INV001694,TXN084124,FRD084124,Closed,Medium
INV001695,TXN084128,FRD084128,Under Review,Medium
INV001696,TXN084191,FRD084191,Under Review,Medium
INV001697,TXN084197,FRD084197,Open,Medium
INV001698,TXN084303,FRD084303,Resolved,Medium
INV001699,TXN084384,FRD084384,Resolved,Medium
INV001700,TXN084394,FRD084394,Resolved,Medium
INV001701,TXN084438,FRD084438,Open,Medium
INV001702,TXN084585,FRD084585,Under Review,Medium
INV001703,TXN084620,FRD084620,Closed,Medium
INV001704,TXN084697,FRD084697,Closed,Medium
INV001705,TXN084763,FRD084763,Resolved,Medium
INV001706,TXN084811,FRD084811,Under Review,Medium
INV001707,TXN084893,FRD084893,Resolved,Medium
INV001708,TXN084932,FRD084932,Closed,Medium
INV001709,TXN084937,FRD084937,Closed,Medium
INV001710,TXN085022,FRD085022,Resolved,Medium
INV001711,TXN085218,FRD085218,Under Review,Medium
INV001712,TXN085259,FRD085259,Closed,Medium
INV001713,TXN085275,FRD085275,Closed,Medium
INV001714,TXN085306,FRD085306,Under Review,Medium
INV001715,TXN085512,FRD085512,Under Review,Medium
INV001716,TXN085515,FRD085515,Open,Medium
INV001717,TXN085531,FRD085531,Under Review,Medium
INV001718,TXN085541,FRD085541,Closed,Medium
INV001719,TXN085577,FRD085577,Closed,Medium
INV001720,TXN085671,FRD085671,Resolved,Medium
INV001721,TXN085823,FRD085823,Closed,Medium
INV001722,TXN085948,FRD085948,Closed,Medium
INV001723,TXN085972,FRD085972,Open,Medium
INV001724,TXN086008,FRD086008,Resolved,Medium
INV001725,TXN086052,FRD086052,Resolved,Medium
INV001726,TXN086093,FRD086093,Resolved,Medium
INV001727,TXN086100,FRD086100,Resolved,Medium
INV001728,TXN086117,FRD086117,Resolved,Medium
INV001729,TXN086149,FRD086149,Closed,Medium
INV001730,TXN086151,FRD086151,Closed,Medium
INV001731,TXN086228,FRD086228,Under Review,Medium
INV001732,TXN086239,FRD086239,Under Review,Medium
INV001733,TXN086284,FRD086284,Resolved,Medium
INV001734,TXN086410,FRD086410,Resolved,Medium
INV001735,TXN086444,FRD086444,Under Review,Medium
INV001736,TXN086548,FRD086548,Closed,Medium
INV001737,TXN086554,FRD086554,Closed,Medium
INV001738,TXN086572,FRD086572,Open,Medium
INV001739,TXN086573,FRD086573,Under Review,Medium
INV001740,TXN086630,FRD086630,Open,Medium
INV001741,TXN086673,FRD086673,Open,Medium
INV001742,TXN086834,FRD086834,Closed,Medium
INV001743,TXN086835,FRD086835,Under Review,Medium
INV001744,TXN086919,FRD086919,Closed,Medium
INV001745,TXN086924,FRD086924,Resolved,Medium
INV001746,TXN086996,FRD086996,Resolved,Medium
INV001747,TXN087046,FRD087046,Under Review,Medium
INV001748,TXN087214,FRD087214,Closed,Medium
INV001749,TXN087259,FRD087259,Resolved,Medium
INV001750,TXN087288,FRD087288,Under Review,Medium
INV001751,TXN087321,FRD087321,Resolved,Medium
INV001752,TXN087384,FRD087384,Under Review,Medium
INV001753,TXN087420,FRD087420,Resolved,Medium
INV001754,TXN087458,FRD087458,Open,Medium
INV001755,TXN087567,FRD087567,Open,Medium
INV001756,TXN087645,FRD087645,Closed,Medium
INV001757,TXN087697,FRD087697,Closed,Medium
INV001758,TXN087859,FRD087859,Closed,Medium
INV001759,TXN087922,FRD087922,Resolved,Medium
INV001760,TXN087925,FRD087925,Resolved,Medium
INV001761,TXN087981,FRD087981,Resolved,Medium
INV001762,TXN088082,FRD088082,Closed,Medium
INV001763,TXN088196,FRD088196,Open,Medium
INV001764,TXN088400,FRD088400,Under Review,Medium
INV001765,TXN088513,FRD088513,Closed,Medium
INV001766,TXN088526,FRD088526,Under Review,Medium
INV001767,TXN088529,FRD088529,Under Review,Medium
INV001768,TXN088575,FRD088575,Closed,Medium
INV001769,TXN088594,FRD088594,Closed,Medium
INV001770,TXN088624,FRD088624,Open,Medium
INV001771,TXN088647,FRD088647,Closed,Medium
INV001772,TXN088712,FRD088712,Resolved,Medium
INV001773,TXN088771,FRD088771,Open,Medium
INV001774,TXN088832,FRD088832,Resolved,Medium
INV001775,TXN088962,FRD088962,Open,Medium
INV001776,TXN088999,FRD088999,Resolved,Medium
INV001777,TXN089004,FRD089004,Open,Medium
INV001778,TXN089011,FRD089011,Resolved,Medium
INV001779,TXN089103,FRD089103,Under Review,Medium
INV001780,TXN089126,FRD089126,Under Review,Medium
INV001781,TXN089237,FRD089237,Closed,Medium
INV001782,TXN089274,FRD089274,Under Review,Medium
INV001783,TXN089352,FRD089352,Under Review,Medium
INV001784,TXN089375,FRD089375,Closed,Medium
INV001785,TXN089448,FRD089448,Under Review,Medium
INV001786,TXN089456,FRD089456,Closed,Medium
INV001787,TXN089463,FRD089463,Under Review,Medium
INV001788,TXN089637,FRD089637,Closed,Medium
INV001789,TXN089659,FRD089659,Under Review,Medium
INV001790,TXN089669,FRD089669,Closed,Medium
INV001791,TXN089677,FRD089677,Under Review,Medium
INV001792,TXN089689,FRD089689,Under Review,Medium
INV001793,TXN089702,FRD089702,Open,Medium
INV001794,TXN089781,FRD089781,Open,Medium
INV001795,TXN089811,FRD089811,Under Review,Medium
INV001796,TXN089815,FRD089815,Under Review,Medium
INV001797,TXN089898,FRD089898,Resolved,Medium
INV001798,TXN089952,FRD089952,Closed,Medium
INV001799,TXN089986,FRD089986,Resolved,Medium
INV001800,TXN089998,FRD089998,Open,Medium
INV001801,TXN090011,FRD090011,Closed,Medium
INV001802,TXN090024,FRD090024,Resolved,Medium
INV001803,TXN090058,FRD090058,Open,Medium
INV001804,TXN090067,FRD090067,Closed,Medium
INV001805,TXN090136,FRD090136,Closed,Medium
INV001806,TXN090215,FRD090215,Open,Medium
INV001807,TXN090355,FRD090355,Open,Medium
INV001808,TXN090358,FRD090358,Open,Medium
INV001809,TXN090362,FRD090362,Open,Medium
INV001810,TXN090380,FRD090380,Under Review,Medium
INV001811,TXN090458,FRD090458,Resolved,Medium
INV001812,TXN090500,FRD090500,Resolved,Medium
INV001813,TXN090517,FRD090517,Resolved,Medium
INV001814,TXN090636,FRD090636,Closed,Medium
INV001815,TXN090700,FRD090700,Under Review,Medium
INV001816,TXN090708,FRD090708,Under Review,Medium
INV001817,TXN090810,FRD090810,Resolved,Medium
INV001818,TXN090812,FRD090812,Resolved,Medium
INV001819,TXN090815,FRD090815,Closed,Medium
INV001820,TXN090909,FRD090909,Resolved,Medium
INV001821,TXN090950,FRD090950,Resolved,Medium
INV001822,TXN091000,FRD091000,Resolved,Medium
INV001823,TXN091031,FRD091031,Closed,Medium
INV001824,TXN091048,FRD091048,Under Review,Medium
INV001825,TXN091171,FRD091171,Closed,Medium
INV001826,TXN091199,FRD091199,Closed,Medium
INV001827,TXN091204,FRD091204,Open,Medium
INV001828,TXN091235,FRD091235,Under Review,Medium
INV001829,TXN091236,FRD091236,Under Review,Medium
INV001830,TXN091357,FRD091357,Under Review,Medium
INV001831,TXN091392,FRD091392,Closed,Medium
INV001832,TXN091451,FRD091451,Resolved,Medium
INV001833,TXN091521,FRD091521,Under Review,Medium
INV001834,TXN091524,FRD091524,Under Review,Medium
INV001835,TXN091572,FRD091572,Closed,Medium
INV001836,TXN091630,FRD091630,Under Review,Medium
INV001837,TXN091632,FRD091632,Under Review,Medium
INV001838,TXN091639,FRD091639,Open,Medium
INV001839,TXN091665,FRD091665,Closed,Medium
INV001840,TXN091685,FRD091685,Closed,Medium
INV001841,TXN091775,FRD091775,Resolved,Medium
INV001842,TXN091788,FRD091788,Resolved,Medium
INV001843,TXN091805,FRD091805,Resolved,Medium
INV001844,TXN091827,FRD091827,Closed,Medium
INV001845,TXN091872,FRD091872,Under Review,Medium
INV001846,TXN091880,FRD091880,Closed,Medium
INV001847,TXN091902,FRD091902,Closed,Medium
INV001848,TXN091903,FRD091903,Closed,Medium
INV001849,TXN091979,FRD091979,Under Review,Medium
INV001850,TXN091995,FRD091995,Under Review,Medium
INV001851,TXN092120,FRD092120,Closed,High
INV001852,TXN092130,FRD092130,Open,Medium
INV001853,TXN092174,FRD092174,Resolved,Medium
INV001854,TXN092228,FRD092228,Closed,Medium
INV001855,TXN092274,FRD092274,Resolved,Medium
INV001856,TXN092357,FRD092357,Open,Medium
INV001857,TXN092460,FRD092460,Under Review,Medium
INV001858,TXN092481,FRD092481,Resolved,Medium
INV001859,TXN092551,FRD092551,Resolved,Medium
INV001860,TXN092639,FRD092639,Under Review,Medium
INV001861,TXN092673,FRD092673,Resolved,Medium
INV001862,TXN092695,FRD092695,Resolved,Medium
INV001863,TXN092776,FRD092776,Closed,Medium
INV001864,TXN092799,FRD092799,Under Review,Medium
INV001865,TXN092849,FRD092849,Under Review,Medium
INV001866,TXN092878,FRD092878,Resolved,Medium
INV001867,TXN092940,FRD092940,Resolved,Medium
INV001868,TXN092969,FRD092969,Under Review,High
INV001869,TXN093011,FRD093011,Resolved,Medium
INV001870,TXN093056,FRD093056,Resolved,Medium
INV001871,TXN093069,FRD093069,Resolved,Medium
INV001872,TXN093094,FRD093094,Resolved,Medium
INV001873,TXN093130,FRD093130,Closed,Medium
INV001874,TXN093185,FRD093185,Under Review,Medium
INV001875,TXN093316,FRD093316,Under Review,Medium
INV001876,TXN093358,FRD093358,Under Review,Medium
INV001877,TXN093402,FRD093402,Closed,Medium
INV001878,TXN093447,FRD093447,Closed,Medium
INV001879,TXN093557,FRD093557,Under Review,Medium
INV001880,TXN093593,FRD093593,Under Review,Medium
INV001881,TXN093662,FRD093662,Resolved,Medium
INV001882,TXN093670,FRD093670,Resolved,Medium
INV001883,TXN093674,FRD093674,Closed,Medium
INV001884,TXN093681,FRD093681,Closed,Medium
INV001885,TXN093685,FRD093685,Under Review,Medium
INV001886,TXN093707,FRD093707,Resolved,Medium
INV001887,TXN093793,FRD093793,Resolved,Medium
INV001888,TXN093822,FRD093822,Under Review,Medium
INV001889,TXN093881,FRD093881,Closed,Medium
INV001890,TXN093965,FRD093965,Resolved,Medium
INV001891,TXN093972,FRD093972,Closed,Medium
INV001892,TXN094059,FRD094059,Resolved,Medium
INV001893,TXN094074,FRD094074,Open,Medium
INV001894,TXN094091,FRD094091,Resolved,Medium
INV001895,TXN094115,FRD094115,Resolved,Medium
INV001896,TXN094131,FRD094131,Open,Medium
INV001897,TXN094165,FRD094165,Under Review,Medium
INV001898,TXN094223,FRD094223,Resolved,Medium
INV001899,TXN094230,FRD094230,Under Review,Medium
INV001900,TXN094283,FRD094283,Open,Medium
INV001901,TXN094295,FRD094295,Resolved,Medium
INV001902,TXN094299,FRD094299,Resolved,Medium
INV001903,TXN094325,FRD094325,Under Review,Medium
INV001904,TXN094355,FRD094355,Closed,Medium
INV001905,TXN094404,FRD094404,Open,Medium
INV001906,TXN094420,FRD094420,Closed,Medium
INV001907,TXN094464,FRD094464,Under Review,Medium
INV001908,TXN094540,FRD094540,Resolved,Medium
INV001909,TXN094625,FRD094625,Open,Medium
INV001910,TXN094661,FRD094661,Under Review,Medium
INV001911,TXN094779,FRD094779,Open,Medium
INV001912,TXN094906,FRD094906,Under Review,Medium
INV001913,TXN094965,FRD094965,Under Review,Medium
INV001914,TXN095017,FRD095017,Closed,Medium
INV001915,TXN095031,FRD095031,Closed,Medium
INV001916,TXN095037,FRD095037,Under Review,Medium
INV001917,TXN095046,FRD095046,Open,Medium
INV001918,TXN095052,FRD095052,Under Review,Medium
INV001919,TXN095152,FRD095152,Under Review,Medium
INV001920,TXN095167,FRD095167,Under Review,Medium
INV001921,TXN095229,FRD095229,Closed,Medium
INV001922,TXN095288,FRD095288,Resolved,Medium
INV001923,TXN095300,FRD095300,Open,Medium
INV001924,TXN095303,FRD095303,Under Review,Medium
INV001925,TXN095434,FRD095434,Resolved,Medium
INV001926,TXN095470,FRD095470,Resolved,Medium
INV001927,TXN095525,FRD095525,Closed,Medium
INV001928,TXN095578,FRD095578,Closed,Medium
INV001929,TXN095584,FRD095584,Closed,Medium
INV001930,TXN095639,FRD095639,Resolved,Medium
INV001931,TXN095669,FRD095669,Resolved,Medium
INV001932,TXN095672,FRD095672,Under Review,Medium
INV001933,TXN095710,FRD095710,Closed,Medium
INV001934,TXN095962,FRD095962,Resolved,Medium
INV001935,TXN096106,FRD096106,Closed,Medium
INV001936,TXN096116,FRD096116,Resolved,Medium
INV001937,TXN096168,FRD096168,Resolved,Medium
INV001938,TXN096173,FRD096173,Under Review,Medium
INV001939,TXN096518,FRD096518,Closed,Medium
INV001940,TXN096689,FRD096689,Resolved,Medium
INV001941,TXN096711,FRD096711,Under Review,Medium
INV001942,TXN096741,FRD096741,Closed,Medium
INV001943,TXN096780,FRD096780,Closed,Medium
INV001944,TXN096785,FRD096785,Resolved,Medium
INV001945,TXN097011,FRD097011,Resolved,Medium
INV001946,TXN097074,FRD097074,Open,Medium
INV001947,TXN097119,FRD097119,Resolved,Medium
INV001948,TXN097213,FRD097213,Open,Medium
INV001949,TXN097253,FRD097253,Under Review,Medium
INV001950,TXN097312,FRD097312,Open,Medium
INV001951,TXN097326,FRD097326,Under Review,Medium
INV001952,TXN097382,FRD097382,Under Review,Medium
INV001953,TXN097387,FRD097387,Under Review,Medium
INV001954,TXN097391,FRD097391,Closed,Medium
INV001955,TXN097409,FRD097409,Resolved,Medium
INV001956,TXN097433,FRD097433,Under Review,Medium
INV001957,TXN097532,FRD097532,Resolved,Medium
INV001958,TXN097576,FRD097576,Under Review,Medium
INV001959,TXN097610,FRD097610,Resolved,High
INV001960,TXN097665,FRD097665,Resolved,Medium
INV001961,TXN097708,FRD097708,Under Review,Medium
INV001962,TXN097727,FRD097727,Resolved,Medium
INV001963,TXN097752,FRD097752,Closed,Medium
INV001964,TXN097826,FRD097826,Under Review,Medium
INV001965,TXN097952,FRD097952,Closed,Medium
INV001966,TXN097992,FRD097992,Under Review,Medium
INV001967,TXN097994,FRD097994,Open,Medium
INV001968,TXN098058,FRD098058,Closed,Medium
INV001969,TXN098073,FRD098073,Open,Medium
INV001970,TXN098169,FRD098169,Resolved,Medium
INV001971,TXN098244,FRD098244,Closed,Medium
INV001972,TXN098269,FRD098269,Resolved,Medium
INV001973,TXN098306,FRD098306,Open,Medium
INV001974,TXN098319,FRD098319,Under Review,Medium
INV001975,TXN098324,FRD098324,Resolved,Medium
INV001976,TXN098351,FRD098351,Closed,Medium
INV001977,TXN098465,FRD098465,Closed,Medium
INV001978,TXN098490,FRD098490,Resolved,Medium
INV001979,TXN098556,FRD098556,Resolved,Medium
INV001980,TXN098576,FRD098576,Under Review,Medium
INV001981,TXN098591,FRD098591,Resolved,Medium
INV001982,TXN098628,FRD098628,Under Review,Medium
INV001983,TXN098698,FRD098698,Closed,Medium
INV001984,TXN098710,FRD098710,Resolved,Medium
INV001985,TXN098739,FRD098739,Resolved,Medium
INV001986,TXN098819,FRD098819,Under Review,Medium
INV001987,TXN098836,FRD098836,Under Review,Medium
INV001988,TXN098840,FRD098840,Resolved,Medium
INV001989,TXN098946,FRD098946,Closed,Medium
INV001990,TXN098978,FRD098978,Resolved,Medium
INV001991,TXN099032,FRD099032,Resolved,Medium
INV001992,TXN099077,FRD099077,Closed,Medium
INV001993,TXN099238,FRD099238,Under Review,Medium
INV001994,TXN099275,FRD099275,Resolved,Medium
INV001995,TXN099283,FRD099283,Under Review,Medium
INV001996,TXN099362,FRD099362,Under Review,Medium
INV001997,TXN099375,FRD099375,Closed,Medium
INV001998,TXN099696,FRD099696,Closed,Medium
INV001999,TXN099801,FRD099801,Resolved,Medium
INV002000,TXN099956,FRD099956,Open,Medium
